c,rho_fresh,S,patience,r,n_roots,total_rate_per_hour
1,0.5,4.0,10.0,0.5,1,8.1578
1,0.5,4.0,10.0,0.9,1,8.9156
1,0.5,4.0,10.0,1.0,1,9.161
1,0.5,4.0,30.0,0.5,1,7.8282
1,0.5,4.0,30.0,0.9,1,8.1481
1,0.5,4.0,30.0,1.0,1,8.2389
1,0.5,4.0,120.0,0.5,1,7.6078
1,0.5,4.0,120.0,0.9,1,7.7005
1,0.5,4.0,120.0,1.0,1,7.7247
1,0.5,16.0,10.0,0.5,1,2.1708
1,0.5,16.0,10.0,0.9,1,2.6087
1,0.5,16.0,10.0,1.0,1,2.7901
1,0.5,16.0,30.0,0.5,1,2.066
1,0.5,16.0,30.0,0.9,1,2.2975
1,0.5,16.0,30.0,1.0,1,2.376
1,0.5,16.0,120.0,0.5,1,1.957
1,0.5,16.0,120.0,0.9,1,2.037
1,0.5,16.0,120.0,1.0,1,2.0597
1,0.8,4.0,10.0,0.5,1,13.9057
1,0.8,4.0,10.0,0.9,1,17.1664
1,0.8,4.0,10.0,1.0,1,18.8893
1,0.8,4.0,30.0,0.5,1,13.1241
1,0.8,4.0,30.0,0.9,1,14.6496
1,0.8,4.0,30.0,1.0,1,15.2482
1,0.8,4.0,120.0,0.5,1,12.4742
1,0.8,4.0,120.0,0.9,1,12.9774
1,0.8,4.0,120.0,1.0,1,13.1315
1,0.8,16.0,10.0,0.5,1,3.7525
1,0.8,16.0,10.0,0.9,1,5.4794
1,0.8,16.0,10.0,1.0,1,6.9483
1,0.8,16.0,30.0,0.5,1,3.5343
1,0.8,16.0,30.0,0.9,1,4.5077
1,0.8,16.0,30.0,1.0,1,5.0713
1,0.8,16.0,120.0,0.5,1,3.281
1,0.8,16.0,120.0,0.9,1,3.6624
1,0.8,16.0,120.0,1.0,1,3.8121
1,0.95,4.0,10.0,0.5,1,17.0985
1,0.95,4.0,10.0,0.9,1,23.6741
1,0.95,4.0,10.0,1.0,1,31.1971
1,0.95,4.0,30.0,0.5,1,16.1082
1,0.95,4.0,30.0,0.9,1,19.6883
1,0.95,4.0,30.0,1.0,1,22.4699
1,0.95,4.0,120.0,0.5,1,15.2111
1,0.95,4.0,120.0,0.9,1,16.702
1,0.95,4.0,120.0,1.0,1,17.4719
1,0.95,16.0,10.0,0.5,1,4.6141
1,0.95,16.0,10.0,0.9,1,7.6755
1,0.95,16.0,10.0,1.0,1,13.8883
1,0.95,16.0,30.0,0.5,1,4.3462
1,0.95,16.0,30.0,0.9,1,6.2455
1,0.95,16.0,30.0,1.0,1,8.6742
1,0.95,16.0,120.0,0.5,1,4.027
1,0.95,16.0,120.0,0.9,1,4.9221
1,0.95,16.0,120.0,1.0,1,5.6175
1,1.0,4.0,10.0,0.5,1,18.2149
1,1.0,4.0,10.0,0.9,1,26.6082
1,1.0,4.0,10.0,1.0,60,232.4379
1,1.0,4.0,30.0,0.5,1,17.1729
1,1.0,4.0,30.0,0.9,1,22.1883
1,1.0,4.0,30.0,1.0,108,104.7516
1,1.0,4.0,120.0,0.5,1,16.2213
1,1.0,4.0,120.0,0.9,1,18.7512
1,1.0,4.0,120.0,1.0,121,48.2251
1,1.0,16.0,10.0,0.5,1,4.9107
1,1.0,16.0,10.0,0.9,1,8.573
1,1.0,16.0,10.0,1.0,0,
1,1.0,16.0,30.0,0.5,1,4.629
1,1.0,16.0,30.0,0.9,1,7.0108
1,1.0,16.0,30.0,1.0,32,70.9972
1,1.0,16.0,120.0,0.5,1,4.2932
1,1.0,16.0,120.0,0.9,1,5.5471
1,1.0,16.0,120.0,1.0,106,26.1879
1,1.1,4.0,10.0,0.5,1,20.5278
1,1.1,4.0,10.0,0.9,1,34.4995
1,1.1,4.0,10.0,1.0,0,
1,1.1,4.0,30.0,0.5,1,19.4265
1,1.1,4.0,30.0,0.9,1,30.7816
1,1.1,4.0,30.0,1.0,0,
1,1.1,4.0,120.0,0.5,1,18.4766
1,1.1,4.0,120.0,0.9,1,30.0005
1,1.1,4.0,120.0,1.0,0,
1,1.1,16.0,10.0,0.5,1,5.5171
1,1.1,16.0,10.0,0.9,1,10.6657
1,1.1,16.0,10.0,1.0,0,
1,1.1,16.0,30.0,0.5,1,5.2125
1,1.1,16.0,30.0,0.9,1,8.9867
1,1.1,16.0,30.0,1.0,0,
1,1.1,16.0,120.0,0.5,1,4.8566
1,1.1,16.0,120.0,0.9,1,7.6954
1,1.1,16.0,120.0,1.0,0,
1,1.5,4.0,10.0,0.5,1,30.788
1,1.5,4.0,10.0,0.9,1,90.0018
1,1.5,4.0,10.0,1.0,0,
1,1.5,4.0,30.0,0.5,1,30.1055
1,1.5,4.0,30.0,0.9,1,90.0
1,1.5,4.0,30.0,1.0,0,
1,1.5,4.0,120.0,0.5,1,30.0001
1,1.5,4.0,120.0,0.9,1,90.0
1,1.5,4.0,120.0,1.0,0,
1,1.5,16.0,10.0,0.5,1,8.0915
1,1.5,16.0,10.0,0.9,1,22.8178
1,1.5,16.0,10.0,1.0,0,
1,1.5,16.0,30.0,0.5,1,7.7692
1,1.5,16.0,30.0,0.9,1,22.5038
1,1.5,16.0,30.0,1.0,0,
1,1.5,16.0,120.0,0.5,1,7.5264
1,1.5,16.0,120.0,0.9,1,22.5
1,1.5,16.0,120.0,1.0,0,
1,2.0,4.0,10.0,0.5,1,45.1263
1,2.0,4.0,10.0,0.9,1,165.0
1,2.0,4.0,10.0,1.0,0,
1,2.0,4.0,30.0,0.5,1,45.0008
1,2.0,4.0,30.0,0.9,1,165.0
1,2.0,4.0,30.0,1.0,0,
1,2.0,4.0,120.0,0.5,1,45.0
1,2.0,4.0,120.0,0.9,1,165.0
1,2.0,4.0,120.0,1.0,0,
1,2.0,16.0,10.0,0.5,1,11.5456
1,2.0,16.0,10.0,0.9,1,41.2618
1,2.0,16.0,10.0,1.0,0,
1,2.0,16.0,30.0,0.5,1,11.3128
1,2.0,16.0,30.0,0.9,1,41.25
1,2.0,16.0,30.0,1.0,0,
1,2.0,16.0,120.0,0.5,1,11.2502
1,2.0,16.0,120.0,0.9,1,41.25
1,2.0,16.0,120.0,1.0,0,
2,0.5,4.0,10.0,0.5,1,15.5461
2,0.5,4.0,10.0,0.9,1,16.0798
2,0.5,4.0,10.0,1.0,1,16.2314
2,0.5,4.0,30.0,0.5,1,15.2508
2,0.5,4.0,30.0,0.9,1,15.4724
2,0.5,4.0,30.0,1.0,1,15.5311
2,0.5,4.0,120.0,0.5,1,15.0762
2,0.5,4.0,120.0,0.9,1,15.1391
2,0.5,4.0,120.0,1.0,1,15.1551
2,0.5,16.0,10.0,0.5,1,4.0254
2,0.5,16.0,10.0,0.9,1,4.3456
2,0.5,16.0,10.0,1.0,1,4.4503
2,0.5,16.0,30.0,0.5,1,3.9123
2,0.5,16.0,30.0,0.9,1,4.0762
2,0.5,16.0,30.0,1.0,1,4.124
2,0.5,16.0,120.0,0.5,1,3.8127
2,0.5,16.0,120.0,0.9,1,3.8681
2,0.5,16.0,120.0,1.0,1,3.8828
2,0.8,4.0,10.0,0.5,1,26.2693
2,0.8,4.0,10.0,0.9,1,29.5322
2,0.8,4.0,10.0,1.0,1,30.8941
2,0.8,4.0,30.0,0.5,1,25.2694
2,0.8,4.0,30.0,0.9,1,26.7595
2,0.8,4.0,30.0,1.0,1,27.2585
2,0.8,4.0,120.0,0.5,1,24.4947
2,0.8,4.0,120.0,0.9,1,24.9703
2,0.8,4.0,120.0,1.0,1,25.1044
2,0.8,16.0,10.0,0.5,1,6.9556
2,0.8,16.0,10.0,0.9,1,8.7593
2,0.8,16.0,10.0,1.0,1,9.8529
2,0.8,16.0,30.0,0.5,1,6.6446
2,0.8,16.0,30.0,0.9,1,7.6253
2,0.8,16.0,30.0,1.0,1,8.0643
2,0.8,16.0,120.0,0.5,1,6.3174
2,0.8,16.0,120.0,0.9,1,6.6899
2,0.8,16.0,120.0,1.0,1,6.8146
2,0.95,4.0,10.0,0.5,1,32.3789
2,0.95,4.0,10.0,0.9,1,40.4281
2,0.95,4.0,10.0,1.0,1,47.4965
2,0.95,4.0,30.0,0.5,1,30.9818
2,0.95,4.0,30.0,0.9,1,35.2983
2,0.95,4.0,30.0,1.0,1,37.9813
2,0.95,4.0,120.0,0.5,1,29.7432
2,0.95,4.0,120.0,0.9,1,31.4846
2,0.95,4.0,120.0,1.0,1,32.2408
2,0.95,16.0,10.0,0.5,1,8.6047
2,0.95,16.0,10.0,0.9,1,12.4471
2,0.95,16.0,10.0,1.0,1,18.0831
2,0.95,16.0,30.0,0.5,1,8.1981
2,0.95,16.0,30.0,0.9,1,10.5318
2,0.95,16.0,30.0,1.0,1,12.7956
2,0.95,16.0,120.0,0.5,1,7.7455
2,0.95,16.0,120.0,0.9,1,8.8246
2,0.95,16.0,120.0,1.0,1,9.4953
2,1.0,4.0,10.0,0.5,1,34.5575
2,1.0,4.0,10.0,0.9,1,45.8011
2,1.0,4.0,10.0,1.0,90,275.2051
2,1.0,4.0,30.0,0.5,1,33.0662
2,1.0,4.0,30.0,0.9,1,39.8702
2,1.0,4.0,30.0,1.0,95,136.8005
2,1.0,4.0,120.0,0.5,1,31.7229
2,1.0,4.0,120.0,0.9,1,35.211
2,1.0,4.0,120.0,1.0,105,71.57
2,1.0,16.0,10.0,0.5,1,9.1814
2,1.0,16.0,10.0,0.9,1,14.0907
2,1.0,16.0,10.0,1.0,16,197.7537
2,1.0,16.0,30.0,0.5,1,8.7493
2,1.0,16.0,30.0,0.9,1,11.9331
2,1.0,16.0,30.0,1.0,67,85.8717
2,1.0,16.0,120.0,0.5,1,8.2666
2,1.0,16.0,120.0,0.9,1,9.9676
2,1.0,16.0,120.0,1.0,95,35.9948
2,1.1,4.0,10.0,0.5,1,39.1479
2,1.1,4.0,10.0,0.9,1,62.84
2,1.1,4.0,10.0,1.0,0,
2,1.1,4.0,30.0,0.5,1,37.595
2,1.1,4.0,30.0,0.9,1,60.1014
2,1.1,4.0,30.0,1.0,0,
2,1.1,4.0,120.0,0.5,1,36.3691
2,1.1,4.0,120.0,0.9,1,60.0
2,1.1,4.0,120.0,1.0,0,
2,1.1,16.0,10.0,0.5,1,10.3731
2,1.1,16.0,10.0,0.9,1,18.2709
2,1.1,16.0,10.0,1.0,0,
2,1.1,16.0,30.0,0.5,1,9.9045
2,1.1,16.0,30.0,0.9,1,16.1075
2,1.1,16.0,30.0,1.0,0,
2,1.1,16.0,120.0,0.5,1,9.3987
2,1.1,16.0,120.0,0.9,1,15.0253
2,1.1,16.0,120.0,1.0,0,
2,1.5,4.0,10.0,0.5,1,60.4099
2,1.5,4.0,10.0,0.9,1,180.0
2,1.5,4.0,10.0,1.0,0,
2,1.5,4.0,30.0,0.5,1,60.0115
2,1.5,4.0,30.0,0.9,1,180.0
2,1.5,4.0,30.0,1.0,0,
2,1.5,4.0,120.0,0.5,1,60.0
2,1.5,4.0,120.0,0.9,1,180.0
2,1.5,4.0,120.0,1.0,0,
2,1.5,16.0,10.0,0.5,1,15.571
2,1.5,16.0,10.0,0.9,1,45.0395
2,1.5,16.0,10.0,1.0,0,
2,1.5,16.0,30.0,0.5,1,15.1703
2,1.5,16.0,30.0,0.9,1,45.0
2,1.5,16.0,30.0,1.0,0,
2,1.5,16.0,120.0,0.5,1,15.0029
2,1.5,16.0,120.0,0.9,1,45.0
2,1.5,16.0,120.0,1.0,0,
2,2.0,4.0,10.0,0.5,1,90.0129
2,2.0,4.0,10.0,0.9,1,330.0
2,2.0,4.0,10.0,1.0,0,
2,2.0,4.0,30.0,0.5,1,90.0
2,2.0,4.0,30.0,0.9,1,330.0
2,2.0,4.0,30.0,1.0,0,
2,2.0,4.0,120.0,0.5,1,90.0
2,2.0,4.0,120.0,0.9,1,330.0
2,2.0,4.0,120.0,1.0,0,
2,2.0,16.0,10.0,0.5,1,22.6747
2,2.0,16.0,10.0,0.9,1,82.5001
2,2.0,16.0,10.0,1.0,0,
2,2.0,16.0,30.0,0.5,1,22.5114
2,2.0,16.0,30.0,0.9,1,82.5
2,2.0,16.0,30.0,1.0,0,
2,2.0,16.0,120.0,0.5,1,22.5
2,2.0,16.0,120.0,0.9,1,82.5
2,2.0,16.0,120.0,1.0,0,
4,0.5,4.0,10.0,0.5,1,30.3417
4,0.5,4.0,10.0,0.9,1,30.6402
4,0.5,4.0,10.0,1.0,1,30.7188
4,0.5,4.0,30.0,0.5,1,30.1449
4,0.5,4.0,30.0,0.9,1,30.2655
4,0.5,4.0,30.0,1.0,1,30.2964
4,0.5,4.0,120.0,0.5,1,30.0412
4,0.5,4.0,120.0,0.9,1,30.0746
4,0.5,4.0,120.0,1.0,1,30.083
4,0.5,16.0,10.0,0.5,1,7.6933
4,0.5,16.0,10.0,0.9,1,7.8793
4,0.5,16.0,10.0,1.0,1,7.9316
4,0.5,16.0,30.0,0.5,1,7.6039
4,0.5,16.0,30.0,0.9,1,7.6963
4,0.5,16.0,30.0,1.0,1,7.7209
4,0.5,16.0,120.0,0.5,1,7.5362
4,0.5,16.0,120.0,0.9,1,7.5664
4,0.5,16.0,120.0,1.0,1,7.5741
4,0.8,4.0,10.0,0.5,1,50.4848
4,0.8,4.0,10.0,0.9,1,53.527
4,0.8,4.0,10.0,1.0,1,54.5852
4,0.8,4.0,30.0,0.5,1,49.31
4,0.8,4.0,30.0,0.9,1,50.667
4,0.8,4.0,30.0,1.0,1,51.0723
4,0.8,4.0,120.0,0.5,1,48.4691
4,0.8,4.0,120.0,0.9,1,48.8877
4,0.8,4.0,120.0,1.0,1,48.9998
4,0.8,16.0,10.0,0.5,1,13.114
4,0.8,16.0,10.0,0.9,1,14.8461
4,0.8,16.0,10.0,1.0,1,15.6376
4,0.8,16.0,30.0,0.5,1,12.7156
4,0.8,16.0,30.0,0.9,1,13.6351
4,0.8,16.0,30.0,1.0,1,13.9715
4,0.8,16.0,120.0,0.5,1,12.3275
4,0.8,16.0,120.0,0.9,1,12.6667
4,0.8,16.0,120.0,1.0,1,12.7681
4,0.95,4.0,10.0,0.5,1,62.1632
4,0.95,4.0,10.0,0.9,1,71.8135
4,0.95,4.0,10.0,1.0,1,78.4815
4,0.95,4.0,30.0,0.5,1,60.2355
4,0.95,4.0,30.0,0.9,1,65.306
4,0.95,4.0,30.0,1.0,1,67.8898
4,0.95,4.0,120.0,0.5,1,58.5565
4,0.95,4.0,120.0,0.9,1,60.5201
4,0.95,4.0,120.0,1.0,1,61.2578
4,0.95,16.0,10.0,0.5,1,16.2681
4,0.95,16.0,10.0,0.9,1,20.9687
4,0.95,16.0,10.0,1.0,1,26.0876
4,0.95,16.0,30.0,0.5,1,15.6852
4,0.95,16.0,30.0,0.9,1,18.4948
4,0.95,16.0,30.0,1.0,1,20.6146
4,0.95,16.0,120.0,0.5,1,15.0589
4,0.95,16.0,120.0,0.9,1,16.3265
4,0.95,16.0,120.0,1.0,1,16.9724
4,1.0,4.0,10.0,0.5,1,66.4282
4,1.0,4.0,10.0,0.9,1,81.6443
4,1.0,4.0,10.0,1.0,121,340.9049
4,1.0,4.0,30.0,0.5,1,64.3205
4,1.0,4.0,30.0,0.9,1,73.6382
4,1.0,4.0,30.0,1.0,114,187.631
4,1.0,4.0,120.0,0.5,1,62.4303
4,1.0,4.0,120.0,0.9,1,67.2735
4,1.0,4.0,120.0,1.0,125,114.3608
4,1.0,16.0,10.0,0.5,1,17.3942
4,1.0,16.0,10.0,0.9,1,23.9842
4,1.0,16.0,10.0,1.0,65,219.2851
4,1.0,16.0,30.0,0.5,1,16.7637
4,1.0,16.0,30.0,0.9,1,21.0604
4,1.0,16.0,30.0,1.0,105,101.6734
4,1.0,16.0,120.0,0.5,1,16.0801
4,1.0,16.0,120.0,0.9,1,18.4096
4,1.0,16.0,120.0,1.0,120,46.9077
4,1.1,4.0,10.0,0.5,1,75.6331
4,1.1,4.0,10.0,0.9,1,120.7585
4,1.1,4.0,10.0,1.0,0,
4,1.1,4.0,30.0,0.5,1,73.5362
4,1.1,4.0,30.0,0.9,1,120.001
4,1.1,4.0,30.0,1.0,0,
4,1.1,4.0,120.0,0.5,1,72.1692
4,1.1,4.0,120.0,0.9,1,120.0
4,1.1,4.0,120.0,1.0,0,
4,1.1,16.0,10.0,0.5,1,19.7573
4,1.1,16.0,10.0,0.9,1,32.7051
4,1.1,16.0,10.0,1.0,0,
4,1.1,16.0,30.0,0.5,1,19.0735
4,1.1,16.0,30.0,0.9,1,30.4421
4,1.1,16.0,30.0,1.0,0,
4,1.1,16.0,120.0,0.5,1,18.384
4,1.1,16.0,120.0,0.9,1,30.0003
4,1.1,16.0,120.0,1.0,0,
4,1.5,4.0,10.0,0.5,1,120.09
4,1.5,4.0,10.0,0.9,1,360.0
4,1.5,4.0,10.0,1.0,0,
4,1.5,4.0,30.0,0.5,1,120.0001
4,1.5,4.0,30.0,0.9,1,360.0
4,1.5,4.0,30.0,1.0,0,
4,1.5,4.0,120.0,0.5,1,120.0
4,1.5,4.0,120.0,0.9,1,360.0
4,1.5,4.0,120.0,1.0,0,
4,1.5,16.0,10.0,0.5,1,30.4135
4,1.5,16.0,10.0,0.9,1,90.0006
4,1.5,16.0,10.0,1.0,0,
4,1.5,16.0,30.0,0.5,1,30.0553
4,1.5,16.0,30.0,0.9,1,90.0
4,1.5,16.0,30.0,1.0,0,
4,1.5,16.0,120.0,0.5,1,30.0
4,1.5,16.0,120.0,0.9,1,90.0
4,1.5,16.0,120.0,1.0,0,
4,2.0,4.0,10.0,0.5,1,180.0001
4,2.0,4.0,10.0,0.9,1,660.0
4,2.0,4.0,10.0,1.0,0,
4,2.0,4.0,30.0,0.5,1,180.0
4,2.0,4.0,30.0,0.9,1,660.0
4,2.0,4.0,30.0,1.0,0,
4,2.0,4.0,120.0,0.5,1,180.0
4,2.0,4.0,120.0,0.9,1,660.0
4,2.0,4.0,120.0,1.0,0,
4,2.0,16.0,10.0,0.5,1,45.0521
4,2.0,16.0,10.0,0.9,1,165.0
4,2.0,16.0,10.0,1.0,0,
4,2.0,16.0,30.0,0.5,1,45.0003
4,2.0,16.0,30.0,0.9,1,165.0
4,2.0,16.0,30.0,1.0,0,
4,2.0,16.0,120.0,0.5,1,45.0
4,2.0,16.0,120.0,0.9,1,165.0
4,2.0,16.0,120.0,1.0,0,
8,0.5,4.0,10.0,0.5,1,60.1344
8,0.5,4.0,10.0,0.9,1,60.2448
8,0.5,4.0,10.0,1.0,1,60.2728
8,0.5,4.0,30.0,0.5,1,60.0529
8,0.5,4.0,30.0,0.9,1,60.0957
8,0.5,4.0,30.0,1.0,1,60.1065
8,0.5,4.0,120.0,0.5,1,60.0143
8,0.5,4.0,120.0,0.9,1,60.0258
8,0.5,4.0,120.0,1.0,1,60.0287
8,0.5,16.0,10.0,0.5,1,15.0859
8,0.5,16.0,10.0,0.9,1,15.1591
8,0.5,16.0,10.0,1.0,1,15.1781
8,0.5,16.0,30.0,0.5,1,15.0419
8,0.5,16.0,30.0,0.9,1,15.0764
8,0.5,16.0,30.0,1.0,1,15.0852
8,0.5,16.0,120.0,0.5,1,15.0132
8,0.5,16.0,120.0,0.9,1,15.0239
8,0.5,16.0,120.0,1.0,1,15.0266
8,0.8,4.0,10.0,0.5,1,98.4245
8,0.8,4.0,10.0,0.9,1,100.997
8,0.8,4.0,10.0,1.0,1,101.7802
8,0.8,4.0,30.0,0.5,1,97.1953
8,0.8,4.0,30.0,0.9,1,98.3137
8,0.8,4.0,30.0,1.0,1,98.6225
8,0.8,4.0,120.0,0.5,1,96.3933
8,0.8,4.0,120.0,0.9,1,96.7266
8,0.8,4.0,120.0,1.0,1,96.8127
8,0.8,16.0,10.0,0.5,1,25.1649
8,0.8,16.0,10.0,0.9,1,26.6667
8,0.8,16.0,10.0,1.0,1,27.2153
8,0.8,16.0,30.0,0.5,1,24.7095
8,0.8,16.0,30.0,0.9,1,25.4916
8,0.8,16.0,30.0,1.0,1,25.7376
8,0.8,16.0,120.0,0.5,1,24.2988
8,0.8,16.0,120.0,0.9,1,24.5784
8,0.8,16.0,120.0,1.0,1,24.6556
8,0.95,4.0,10.0,0.5,1,120.6935
8,0.95,4.0,10.0,0.9,1,131.9276
8,0.95,4.0,10.0,1.0,1,138.1813
8,0.95,4.0,30.0,0.5,1,118.0855
8,0.95,4.0,30.0,0.9,1,123.8389
8,0.95,4.0,30.0,1.0,1,126.2923
8,0.95,4.0,120.0,0.5,1,115.866
8,0.95,4.0,120.0,0.9,1,117.9916
8,0.95,4.0,120.0,1.0,1,118.6995
8,0.95,16.0,10.0,0.5,1,31.1774
8,0.95,16.0,10.0,0.9,1,36.7697
8,0.95,16.0,10.0,1.0,1,41.4062
8,0.95,16.0,30.0,0.5,1,30.3706
8,0.95,16.0,30.0,0.9,1,33.6586
8,0.95,16.0,30.0,1.0,1,35.6343
8,0.95,16.0,120.0,0.5,1,29.5214
8,0.95,16.0,120.0,0.9,1,30.9597
8,0.95,16.0,120.0,1.0,1,31.5731
8,1.0,4.0,10.0,0.5,1,129.0542
8,1.0,4.0,10.0,0.9,1,149.8491
8,1.0,4.0,10.0,1.0,101,472.2349
8,1.0,4.0,30.0,0.5,1,126.0881
8,1.0,4.0,30.0,0.9,1,138.9569
8,1.0,4.0,30.0,1.0,101,285.4701
8,1.0,4.0,120.0,0.5,1,123.4299
8,1.0,4.0,120.0,0.9,1,130.1904
8,1.0,4.0,120.0,1.0,135,196.7436
8,1.0,16.0,10.0,0.5,1,33.3827
8,1.0,16.0,10.0,0.9,1,42.2936
8,1.0,16.0,10.0,1.0,75,267.118
8,1.0,16.0,30.0,0.5,1,32.4846
8,1.0,16.0,30.0,0.9,1,38.3413
8,1.0,16.0,30.0,1.0,92,132.2146
8,1.0,16.0,120.0,0.5,1,31.522
8,1.0,16.0,120.0,0.9,1,34.7392
8,1.0,16.0,120.0,1.0,100,71.3675
8,1.1,4.0,10.0,0.5,1,147.7172
8,1.1,4.0,10.0,0.9,1,240.0343
8,1.1,4.0,10.0,1.0,0,
8,1.1,4.0,30.0,0.5,1,145.1188
8,1.1,4.0,30.0,0.9,1,240.0
8,1.1,4.0,30.0,1.0,0,
8,1.1,4.0,120.0,0.5,1,144.0256
8,1.1,4.0,120.0,0.9,1,240.0
8,1.1,4.0,120.0,1.0,0,
8,1.1,16.0,10.0,0.5,1,38.1109
8,1.1,16.0,10.0,0.9,1,61.4285
8,1.1,16.0,10.0,1.0,0,
8,1.1,16.0,30.0,0.5,1,37.1513
8,1.1,16.0,30.0,0.9,1,60.0455
8,1.1,16.0,30.0,1.0,0,
8,1.1,16.0,120.0,0.5,1,36.2797
8,1.1,16.0,120.0,0.9,1,60.0
8,1.1,16.0,120.0,1.0,0,
8,1.5,4.0,10.0,0.5,1,240.0038
8,1.5,4.0,10.0,0.9,1,720.0
8,1.5,4.0,10.0,1.0,0,
8,1.5,4.0,30.0,0.5,1,240.0
8,1.5,4.0,30.0,0.9,1,720.0
8,1.5,4.0,30.0,1.0,0,
8,1.5,4.0,120.0,0.5,1,240.0
8,1.5,4.0,120.0,0.9,1,720.0
8,1.5,4.0,120.0,1.0,0,
8,1.5,16.0,10.0,0.5,1,60.1838
8,1.5,16.0,10.0,0.9,1,180.0
8,1.5,16.0,10.0,1.0,0,
8,1.5,16.0,30.0,0.5,1,60.0051
8,1.5,16.0,30.0,0.9,1,180.0
8,1.5,16.0,30.0,1.0,0,
8,1.5,16.0,120.0,0.5,1,60.0
8,1.5,16.0,120.0,0.9,1,180.0
8,1.5,16.0,120.0,1.0,0,
8,2.0,4.0,10.0,0.5,1,360.0
8,2.0,4.0,10.0,0.9,1,1320.0
8,2.0,4.0,10.0,1.0,0,
8,2.0,4.0,30.0,0.5,1,360.0
8,2.0,4.0,30.0,0.9,1,1320.0
8,2.0,4.0,30.0,1.0,0,
8,2.0,4.0,120.0,0.5,1,360.0
8,2.0,4.0,120.0,0.9,1,1320.0
8,2.0,4.0,120.0,1.0,0,
8,2.0,16.0,10.0,0.5,1,90.0045
8,2.0,16.0,10.0,0.9,1,330.0
8,2.0,16.0,10.0,1.0,0,
8,2.0,16.0,30.0,0.5,1,90.0
8,2.0,16.0,30.0,0.9,1,330.0
8,2.0,16.0,30.0,1.0,0,
8,2.0,16.0,120.0,0.5,1,90.0
8,2.0,16.0,120.0,0.9,1,330.0
8,2.0,16.0,120.0,1.0,0,
16,0.5,4.0,10.0,0.5,1,120.0229
16,0.5,4.0,10.0,0.9,1,120.0414
16,0.5,4.0,10.0,1.0,1,120.046
16,0.5,4.0,30.0,0.5,1,120.0085
16,0.5,4.0,30.0,0.9,1,120.0153
16,0.5,4.0,30.0,1.0,1,120.017
16,0.5,4.0,120.0,0.5,1,120.0022
16,0.5,4.0,120.0,0.9,1,120.004
16,0.5,4.0,120.0,1.0,1,120.0044
16,0.5,16.0,10.0,0.5,1,30.0167
16,0.5,16.0,10.0,0.9,1,30.0301
16,0.5,16.0,10.0,1.0,1,30.0335
16,0.5,16.0,30.0,0.5,1,30.0073
16,0.5,16.0,30.0,0.9,1,30.0132
16,0.5,16.0,30.0,1.0,1,30.0147
16,0.5,16.0,120.0,0.5,1,30.0021
16,0.5,16.0,120.0,0.9,1,30.0038
16,0.5,16.0,120.0,1.0,1,30.0042
16,0.8,4.0,10.0,0.5,1,193.9966
16,0.8,4.0,10.0,0.9,1,195.8782
16,0.8,4.0,10.0,1.0,1,196.3999
16,0.8,4.0,30.0,0.5,1,192.9142
16,0.8,4.0,30.0,0.9,1,193.7072
16,0.8,4.0,30.0,1.0,1,193.9161
16,0.8,4.0,120.0,0.5,1,192.2781
16,0.8,4.0,120.0,0.9,1,192.5068
16,0.8,4.0,120.0,1.0,1,192.5649
16,0.8,16.0,10.0,0.5,1,49.041
16,0.8,16.0,10.0,0.9,1,50.1693
16,0.8,16.0,10.0,1.0,1,50.5179
16,0.8,16.0,30.0,0.5,1,48.5953
16,0.8,16.0,30.0,0.9,1,49.1709
16,0.8,16.0,30.0,1.0,1,49.3338
16,0.8,16.0,120.0,0.5,1,48.2285
16,0.8,16.0,120.0,0.9,1,48.4268
16,0.8,16.0,120.0,1.0,1,48.479
16,0.95,4.0,10.0,0.5,1,236.3764
16,0.95,4.0,10.0,0.9,1,248.9327
16,0.95,4.0,10.0,1.0,1,254.685
16,0.95,4.0,30.0,0.5,1,232.9426
16,0.95,4.0,30.0,0.9,1,239.1759
16,0.95,4.0,30.0,1.0,1,241.468
16,0.95,4.0,120.0,0.5,1,230.1159
16,0.95,4.0,120.0,0.9,1,232.3099
16,0.95,4.0,120.0,1.0,1,232.974
16,0.95,16.0,10.0,0.5,1,60.4437
16,0.95,16.0,10.0,0.9,1,66.8576
16,0.95,16.0,10.0,1.0,1,71.0006
16,0.95,16.0,30.0,0.5,1,59.3569
16,0.95,16.0,30.0,0.9,1,63.0545
16,0.95,16.0,30.0,1.0,1,64.8669
16,0.95,16.0,120.0,0.5,1,58.2357
16,0.95,16.0,120.0,0.9,1,59.794
16,0.95,16.0,120.0,1.0,1,60.367
16,1.0,4.0,10.0,0.5,1,252.7507
16,1.0,4.0,10.0,0.9,1,281.4234
16,1.0,4.0,10.0,1.0,89,676.8272
16,1.0,4.0,30.0,0.5,1,248.5826
16,1.0,4.0,30.0,0.9,1,266.4719
16,1.0,4.0,30.0,1.0,123,450.508
16,1.0,4.0,120.0,0.5,1,244.8455
16,1.0,4.0,120.0,0.9,1,254.3118
16,1.0,4.0,120.0,1.0,163,340.4048
16,1.0,16.0,10.0,0.5,1,64.7661
16,1.0,16.0,10.0,0.9,1,76.9226
16,1.0,16.0,10.0,1.0,96,324.4582
16,1.0,16.0,30.0,0.5,1,63.4991
16,1.0,16.0,30.0,0.9,1,71.5544
16,1.0,16.0,30.0,1.0,101,187.232
16,1.0,16.0,120.0,0.5,1,62.1456
16,1.0,16.0,120.0,0.9,1,66.618
16,1.0,16.0,120.0,1.0,119,112.627
16,1.1,4.0,10.0,0.5,1,291.0755
16,1.1,4.0,10.0,0.9,1,480.0001
16,1.1,4.0,10.0,1.0,0,
16,1.1,4.0,30.0,0.5,1,288.4655
16,1.1,4.0,30.0,0.9,1,480.0
16,1.1,4.0,30.0,1.0,0,
16,1.1,4.0,120.0,0.5,1,288.0004
16,1.1,4.0,120.0,0.9,1,480.0
16,1.1,4.0,120.0,1.0,0,
16,1.1,16.0,10.0,0.5,1,74.3164
16,1.1,16.0,10.0,0.9,1,120.2992
16,1.1,16.0,10.0,1.0,0,
16,1.1,16.0,30.0,0.5,1,73.0396
16,1.1,16.0,30.0,0.9,1,120.0004
16,1.1,16.0,30.0,1.0,0,
16,1.1,16.0,120.0,0.5,1,72.1164
16,1.1,16.0,120.0,0.9,1,120.0
16,1.1,16.0,120.0,1.0,0,
16,1.5,4.0,10.0,0.5,1,480.0
16,1.5,4.0,10.0,0.9,1,1440.0
16,1.5,4.0,10.0,1.0,0,
16,1.5,4.0,30.0,0.5,1,480.0
16,1.5,4.0,30.0,0.9,1,1440.0
16,1.5,4.0,30.0,1.0,0,
16,1.5,4.0,120.0,0.5,1,480.0
16,1.5,4.0,120.0,0.9,1,1440.0
16,1.5,4.0,120.0,1.0,0,
16,1.5,16.0,10.0,0.5,1,120.0342
16,1.5,16.0,10.0,0.9,1,360.0
16,1.5,16.0,10.0,1.0,0,
16,1.5,16.0,30.0,0.5,1,120.0
16,1.5,16.0,30.0,0.9,1,360.0
16,1.5,16.0,30.0,1.0,0,
16,1.5,16.0,120.0,0.5,1,120.0
16,1.5,16.0,120.0,0.9,1,360.0
16,1.5,16.0,120.0,1.0,0,
16,2.0,4.0,10.0,0.5,1,720.0
16,2.0,4.0,10.0,0.9,1,2640.0
16,2.0,4.0,10.0,1.0,0,
16,2.0,4.0,30.0,0.5,1,720.0
16,2.0,4.0,30.0,0.9,1,2640.0
16,2.0,4.0,30.0,1.0,0,
16,2.0,4.0,120.0,0.5,1,720.0
16,2.0,4.0,120.0,0.9,1,2640.0
16,2.0,4.0,120.0,1.0,0,
16,2.0,16.0,10.0,0.5,1,180.0
16,2.0,16.0,10.0,0.9,1,660.0
16,2.0,16.0,10.0,1.0,0,
16,2.0,16.0,30.0,0.5,1,180.0
16,2.0,16.0,30.0,0.9,1,660.0
16,2.0,16.0,30.0,1.0,0,
16,2.0,16.0,120.0,0.5,1,180.0
16,2.0,16.0,120.0,0.9,1,660.0
16,2.0,16.0,120.0,1.0,0,
32,0.5,4.0,10.0,0.5,1,240.0008
32,0.5,4.0,10.0,0.9,1,240.0014
32,0.5,4.0,10.0,1.0,1,240.0016
32,0.5,4.0,30.0,0.5,1,240.0003
32,0.5,4.0,30.0,0.9,1,240.0005
32,0.5,4.0,30.0,1.0,1,240.0006
32,0.5,4.0,120.0,0.5,1,240.0001
32,0.5,4.0,120.0,0.9,1,240.0001
32,0.5,4.0,120.0,1.0,1,240.0001
32,0.5,16.0,10.0,0.5,1,60.0007
32,0.5,16.0,10.0,0.9,1,60.0012
32,0.5,16.0,10.0,1.0,1,60.0013
32,0.5,16.0,30.0,0.5,1,60.0003
32,0.5,16.0,30.0,0.9,1,60.0005
32,0.5,16.0,30.0,1.0,1,60.0005
32,0.5,16.0,120.0,0.5,1,60.0001
32,0.5,16.0,120.0,0.9,1,60.0001
32,0.5,16.0,120.0,1.0,1,60.0001
32,0.8,4.0,10.0,0.5,1,385.2612
32,0.8,4.0,10.0,0.9,1,386.3493
32,0.8,4.0,10.0,1.0,1,386.6333
32,0.8,4.0,30.0,0.5,1,384.5344
32,0.8,4.0,30.0,0.9,1,384.9773
32,0.8,4.0,30.0,1.0,1,385.0902
32,0.8,4.0,120.0,0.5,1,384.1522
32,0.8,4.0,120.0,0.9,1,384.2753
32,0.8,4.0,120.0,1.0,1,384.3062
32,0.8,16.0,10.0,0.5,1,96.7243
32,0.8,16.0,10.0,0.9,1,97.4037
32,0.8,16.0,10.0,1.0,1,97.5905
32,0.8,16.0,30.0,0.5,1,96.384
32,0.8,16.0,30.0,0.9,1,96.7199
32,0.8,16.0,30.0,1.0,1,96.8083
32,0.8,16.0,120.0,0.5,1,96.1336
32,0.8,16.0,120.0,0.9,1,96.2443
32,0.8,16.0,120.0,1.0,1,96.2726
32,0.95,4.0,10.0,0.5,1,465.9764
32,0.95,4.0,10.0,0.9,1,479.2455
32,0.95,4.0,10.0,1.0,1,484.3914
32,0.95,4.0,30.0,0.5,1,461.6331
32,0.95,4.0,30.0,0.9,1,467.9866
32,0.95,4.0,30.0,1.0,1,470.0771
32,0.95,4.0,120.0,0.5,1,458.2387
32,0.95,4.0,120.0,0.9,1,460.3636
32,0.95,4.0,120.0,1.0,1,460.9679
32,0.95,16.0,10.0,0.5,1,118.2501
32,0.95,16.0,10.0,0.9,1,125.2353
32,0.95,16.0,10.0,1.0,1,128.8393
32,0.95,16.0,30.0,0.5,1,116.8315
32,0.95,16.0,30.0,0.9,1,120.7713
32,0.95,16.0,30.0,1.0,1,122.3863
32,0.95,16.0,120.0,0.5,1,115.4083
32,0.95,16.0,120.0,0.9,1,116.9967
32,0.95,16.0,120.0,1.0,1,117.5193
32,1.0,4.0,10.0,0.5,1,497.9754
32,1.0,4.0,10.0,0.9,1,537.7697
32,1.0,4.0,10.0,1.0,94,1007.6746
32,1.0,4.0,30.0,0.5,1,492.1069
32,1.0,4.0,30.0,0.9,1,517.104
32,1.0,4.0,30.0,1.0,134,762.2209
32,1.0,4.0,120.0,0.5,1,486.8534
32,1.0,4.0,120.0,0.9,1,500.16
32,1.0,4.0,120.0,1.0,182,611.4817
32,1.0,16.0,10.0,0.5,1,126.7141
32,1.0,16.0,10.0,0.9,1,143.4358
32,1.0,16.0,10.0,1.0,90,453.6306
32,1.0,16.0,30.0,0.5,1,124.9306
32,1.0,16.0,30.0,0.9,1,136.0894
32,1.0,16.0,30.0,1.0,86,280.6445
32,1.0,16.0,120.0,0.5,1,123.0267
32,1.0,16.0,120.0,0.9,1,129.276
32,1.0,16.0,120.0,1.0,133,191.311
32,1.1,4.0,10.0,0.5,1,577.6993
32,1.1,4.0,10.0,0.9,1,960.0
32,1.1,4.0,10.0,1.0,0,
32,1.1,4.0,30.0,0.5,1,576.0617
32,1.1,4.0,30.0,0.9,1,960.0
32,1.1,4.0,30.0,1.0,0,
32,1.1,4.0,120.0,0.5,1,576.0
32,1.1,4.0,120.0,0.9,1,960.0
32,1.1,4.0,120.0,1.0,0,
32,1.1,16.0,10.0,0.5,1,146.1979
32,1.1,16.0,10.0,0.9,1,240.0113
32,1.1,16.0,10.0,1.0,0,
32,1.1,16.0,30.0,0.5,1,144.6845
32,1.1,16.0,30.0,0.9,1,240.0
32,1.1,16.0,30.0,1.0,0,
32,1.1,16.0,120.0,0.5,1,144.0154
32,1.1,16.0,120.0,0.9,1,240.0
32,1.1,16.0,120.0,1.0,0,
32,1.5,4.0,10.0,0.5,1,960.0
32,1.5,4.0,10.0,0.9,1,2880.0
32,1.5,4.0,10.0,1.0,0,
32,1.5,4.0,30.0,0.5,1,960.0
32,1.5,4.0,30.0,0.9,1,2880.0
32,1.5,4.0,30.0,1.0,0,
32,1.5,4.0,120.0,0.5,1,960.0
32,1.5,4.0,120.0,0.9,1,2880.0
32,1.5,4.0,120.0,1.0,0,
32,1.5,16.0,10.0,0.5,1,240.0013
32,1.5,16.0,10.0,0.9,1,720.0
32,1.5,16.0,10.0,1.0,0,
32,1.5,16.0,30.0,0.5,1,240.0
32,1.5,16.0,30.0,0.9,1,720.0
32,1.5,16.0,30.0,1.0,0,
32,1.5,16.0,120.0,0.5,1,240.0
32,1.5,16.0,120.0,0.9,1,720.0
32,1.5,16.0,120.0,1.0,0,
32,2.0,4.0,10.0,0.5,1,1440.0
32,2.0,4.0,10.0,0.9,1,5280.0
32,2.0,4.0,10.0,1.0,0,
32,2.0,4.0,30.0,0.5,1,1440.0
32,2.0,4.0,30.0,0.9,1,5280.0
32,2.0,4.0,30.0,1.0,0,
32,2.0,4.0,120.0,0.5,1,1440.0
32,2.0,4.0,120.0,0.9,1,5280.0
32,2.0,4.0,120.0,1.0,0,
32,2.0,16.0,10.0,0.5,1,360.0
32,2.0,16.0,10.0,0.9,1,1320.0
32,2.0,16.0,10.0,1.0,0,
32,2.0,16.0,30.0,0.5,1,360.0
32,2.0,16.0,30.0,0.9,1,1320.0
32,2.0,16.0,30.0,1.0,0,
32,2.0,16.0,120.0,0.5,1,360.0
32,2.0,16.0,120.0,0.9,1,1320.0
32,2.0,16.0,120.0,1.0,0,
