office,patience,plan_type,regime,false_balks_per_day,ontime_false_balks_per_day,ontime_share
R4_S8_A0.6,exp30,lean,O*1.5,8.261,7.471,0.9043
R4_S8_A0.6,exp30,lean,O*2,15.556,14.175,0.9113
R4_S8_A0.6,exp30,lean,O*3,27.637,25.557,0.9248
R4_S8_A0.6,exp30,lean,O-M5,41.277,38.313,0.9282
R4_S8_A0.6,exp30,lean,O-M10,12.048,9.084,0.754
R4_S8_A0.6,exp30,lean,O-M12.5,6.131,3.167,0.5166
R4_S8_A0.6,exp30,lean,O-M15,2.964,0.0,0.0
R4_S8_A0.6,exp30,lean,O-M17.5,1.425,0.0,0.0
R4_S8_A0.6,exp30,lean,O-M20,0.702,0.0,0.0
R4_S8_A0.6,exp30,lean,O-M30,0.042,0.0,0.0
R4_S8_A0.6,exp30,lean,C,5.08,5.019,0.9878
R4_S8_A0.6,exp30,lean,C0-M5,49.593,46.681,0.9413
R4_S8_A0.6,exp30,lean,C1-M5,51.296,48.385,0.9433
R4_S8_A0.6,exp30,lean,C0-M10,14.877,12.515,0.8412
R4_S8_A0.6,exp30,lean,C1-M10,18.483,16.12,0.8722
R4_S8_A0.6,exp30,lean,C0-M12.5,6.618,4.929,0.7448
R4_S8_A0.6,exp30,lean,C1-M12.5,10.899,9.21,0.845
R4_S8_A0.6,exp30,lean,C0-M15,3.059,1.95,0.6376
R4_S8_A0.6,exp30,lean,C1-M15,7.707,6.598,0.8562
R4_S8_A0.6,exp30,lean,C0-M17.5,1.512,0.803,0.5311
R4_S8_A0.6,exp30,lean,C1-M17.5,6.348,5.635,0.8878
R4_S8_A0.6,exp30,lean,C0-M20,0.786,0.342,0.4345
R4_S8_A0.6,exp30,lean,C1-M20,5.723,5.268,0.9205
R4_S8_A0.6,exp30,lean,C0-M30,0.044,0.005,0.1136
R4_S8_A0.6,exp30,lean,C1-M30,5.112,5.021,0.9824
R4_S8_A0.6,exp30,safe,O*1.5,6.16,5.859,0.9511
R4_S8_A0.6,exp30,safe,O*2,11.694,11.139,0.9525
R4_S8_A0.6,exp30,safe,O*3,21.118,20.257,0.9592
R4_S8_A0.6,exp30,safe,O-M5,29.471,28.197,0.9568
R4_S8_A0.6,exp30,safe,O-M10,6.817,5.543,0.8131
R4_S8_A0.6,exp30,safe,O-M12.5,3.058,1.784,0.5835
R4_S8_A0.6,exp30,safe,O-M15,1.274,0.0,0.0
R4_S8_A0.6,exp30,safe,O-M17.5,0.533,0.0,0.0
R4_S8_A0.6,exp30,safe,O-M20,0.217,0.0,0.0
R4_S8_A0.6,exp30,safe,O-M30,0.006,0.0,0.0
R4_S8_A0.6,exp30,safe,C,3.832,3.817,0.9962
R4_S8_A0.6,exp30,safe,C0-M5,33.085,31.851,0.9627
R4_S8_A0.6,exp30,safe,C1-M5,34.772,33.538,0.9645
R4_S8_A0.6,exp30,safe,C0-M10,7.386,6.482,0.8776
R4_S8_A0.6,exp30,safe,C1-M10,10.485,9.581,0.9138
R4_S8_A0.6,exp30,safe,C0-M12.5,3.534,2.889,0.8176
R4_S8_A0.6,exp30,safe,C1-M12.5,6.954,6.309,0.9073
R4_S8_A0.6,exp30,safe,C0-M15,1.194,0.84,0.7034
R4_S8_A0.6,exp30,safe,C1-M15,4.852,4.498,0.927
R4_S8_A0.6,exp30,safe,C0-M17.5,0.506,0.309,0.6111
R4_S8_A0.6,exp30,safe,C1-M17.5,4.253,4.056,0.9535
R4_S8_A0.6,exp30,safe,C0-M20,0.165,0.08,0.4818
R4_S8_A0.6,exp30,safe,C1-M20,3.966,3.876,0.9773
R4_S8_A0.6,exp30,safe,C0-M30,0.002,0.0,0.0
R4_S8_A0.6,exp30,safe,C1-M30,3.833,3.817,0.9958
R4_S8_A0.6,logn30,lean,O*1.5,10.027,4.686,0.4673
R4_S8_A0.6,logn30,lean,O*2,20.932,11.973,0.572
R4_S8_A0.6,logn30,lean,O*3,40.31,28.215,0.7
R4_S8_A0.6,logn30,lean,O-M5,71.397,58.129,0.8142
R4_S8_A0.6,logn30,lean,O-M10,33.736,20.468,0.6067
R4_S8_A0.6,logn30,lean,O-M12.5,21.811,8.543,0.3917
R4_S8_A0.6,logn30,lean,O-M15,13.268,0.0,0.0
R4_S8_A0.6,logn30,lean,O-M17.5,7.599,0.0,0.0
R4_S8_A0.6,logn30,lean,O-M20,4.047,0.0,0.0
R4_S8_A0.6,logn30,lean,O-M30,0.17,0.0,0.0
R4_S8_A0.6,logn30,lean,C,2.485,1.583,0.6369
R4_S8_A0.6,logn30,lean,C0-M5,76.347,63.161,0.8273
R4_S8_A0.6,logn30,lean,C1-M5,76.347,63.163,0.8273
R4_S8_A0.6,logn30,lean,C0-M10,36.777,24.756,0.6732
R4_S8_A0.6,logn30,lean,C1-M10,36.853,24.832,0.6738
R4_S8_A0.6,logn30,lean,C0-M12.5,22.895,12.713,0.5553
R4_S8_A0.6,logn30,lean,C1-M12.5,23.136,12.954,0.5599
R4_S8_A0.6,logn30,lean,C0-M15,13.896,6.04,0.4347
R4_S8_A0.6,logn30,lean,C1-M15,14.436,6.581,0.4559
R4_S8_A0.6,logn30,lean,C0-M17.5,9.008,3.151,0.3499
R4_S8_A0.6,logn30,lean,C1-M17.5,9.874,4.004,0.4055
R4_S8_A0.6,logn30,lean,C0-M20,5.867,1.587,0.2705
R4_S8_A0.6,logn30,lean,C1-M20,7.04,2.692,0.3824
R4_S8_A0.6,logn30,lean,C0-M30,0.588,0.038,0.0647
R4_S8_A0.6,logn30,lean,C1-M30,2.795,1.595,0.5709
R4_S8_A0.6,logn30,safe,O*1.5,5.718,3.362,0.588
R4_S8_A0.6,logn30,safe,O*2,12.854,8.752,0.6809
R4_S8_A0.6,logn30,safe,O*3,26.957,21.326,0.7911
R4_S8_A0.6,logn30,safe,O-M5,52.001,45.75,0.8798
R4_S8_A0.6,logn30,safe,O-M10,20.477,14.226,0.6947
R4_S8_A0.6,logn30,safe,O-M12.5,11.843,5.592,0.4722
R4_S8_A0.6,logn30,safe,O-M15,6.251,0.0,0.0
R4_S8_A0.6,logn30,safe,O-M17.5,3.041,0.0,0.0
R4_S8_A0.6,logn30,safe,O-M20,1.388,0.0,0.0
R4_S8_A0.6,logn30,safe,O-M30,0.029,0.0,0.0
R4_S8_A0.6,logn30,safe,C,1.146,0.889,0.7757
R4_S8_A0.6,logn30,safe,C0-M5,53.202,47.01,0.8836
R4_S8_A0.6,logn30,safe,C1-M5,53.204,47.012,0.8836
R4_S8_A0.6,logn30,safe,C0-M10,20.536,15.177,0.739
R4_S8_A0.6,logn30,safe,C1-M10,20.604,15.245,0.7399
R4_S8_A0.6,logn30,safe,C0-M12.5,13.116,8.564,0.653
R4_S8_A0.6,logn30,safe,C1-M12.5,13.264,8.713,0.6569
R4_S8_A0.6,logn30,safe,C0-M15,6.021,3.083,0.512
R4_S8_A0.6,logn30,safe,C1-M15,6.412,3.474,0.5418
R4_S8_A0.6,logn30,safe,C0-M17.5,3.642,1.603,0.4403
R4_S8_A0.6,logn30,safe,C1-M17.5,4.193,2.147,0.5122
R4_S8_A0.6,logn30,safe,C0-M20,1.71,0.574,0.3353
R4_S8_A0.6,logn30,safe,C1-M20,2.462,1.281,0.5203
R4_S8_A0.6,logn30,safe,C0-M30,0.081,0.004,0.0556
R4_S8_A0.6,logn30,safe,C1-M30,1.19,0.89,0.7479
R4_S8_A0.6,logn30cv15,lean,O*1.5,10.645,9.983,0.9378
R4_S8_A0.6,logn30cv15,lean,O*2,19.672,18.605,0.9458
R4_S8_A0.6,logn30cv15,lean,O*3,33.809,32.281,0.9548
R4_S8_A0.6,logn30cv15,lean,O-M5,41.767,39.617,0.9485
R4_S8_A0.6,logn30cv15,lean,O-M10,10.545,8.395,0.7961
R4_S8_A0.6,logn30cv15,lean,O-M12.5,4.872,2.721,0.5587
R4_S8_A0.6,logn30cv15,lean,O-M15,2.15,0.0,0.0
R4_S8_A0.6,logn30cv15,lean,O-M17.5,0.922,0.0,0.0
R4_S8_A0.6,logn30cv15,lean,O-M20,0.39,0.0,0.0
R4_S8_A0.6,logn30cv15,lean,O-M30,0.008,0.0,0.0
R4_S8_A0.6,logn30cv15,lean,C,6.426,6.375,0.9921
R4_S8_A0.6,logn30cv15,lean,C0-M5,51.8,49.687,0.9592
R4_S8_A0.6,logn30cv15,lean,C1-M5,53.236,51.122,0.9603
R4_S8_A0.6,logn30cv15,lean,C0-M10,14.806,13.121,0.8863
R4_S8_A0.6,logn30cv15,lean,C1-M10,19.006,17.322,0.9114
R4_S8_A0.6,logn30cv15,lean,C0-M12.5,6.22,5.057,0.8131
R4_S8_A0.6,logn30cv15,lean,C1-M12.5,11.489,10.327,0.8988
R4_S8_A0.6,logn30cv15,lean,C0-M15,2.733,1.982,0.725
R4_S8_A0.6,logn30cv15,lean,C1-M15,8.585,7.834,0.9125
R4_S8_A0.6,logn30cv15,lean,C0-M17.5,1.272,0.818,0.6428
R4_S8_A0.6,logn30cv15,lean,C1-M17.5,7.391,6.934,0.9382
R4_S8_A0.6,logn30cv15,lean,C0-M20,0.621,0.347,0.5592
R4_S8_A0.6,logn30cv15,lean,C1-M20,6.886,6.603,0.9588
R4_S8_A0.6,logn30cv15,lean,C0-M30,0.015,0.002,0.1
R4_S8_A0.6,logn30cv15,lean,C1-M30,6.437,6.377,0.9906
R4_S8_A0.6,logn30cv15,safe,O*1.5,8.031,7.774,0.9681
R4_S8_A0.6,logn30cv15,safe,O*2,15.13,14.697,0.9714
R4_S8_A0.6,logn30cv15,safe,O*3,26.499,25.877,0.9765
R4_S8_A0.6,logn30cv15,safe,O-M5,30.204,29.314,0.9705
R4_S8_A0.6,logn30cv15,safe,O-M10,6.05,5.16,0.8528
R4_S8_A0.6,logn30cv15,safe,O-M12.5,2.391,1.5,0.6276
R4_S8_A0.6,logn30cv15,safe,O-M15,0.89,0.0,0.0
R4_S8_A0.6,logn30cv15,safe,O-M17.5,0.311,0.0,0.0
R4_S8_A0.6,logn30cv15,safe,O-M20,0.113,0.0,0.0
R4_S8_A0.6,logn30cv15,safe,O-M30,0.002,0.0,0.0
R4_S8_A0.6,logn30cv15,safe,C,4.663,4.654,0.9982
R4_S8_A0.6,logn30cv15,safe,C0-M5,35.178,34.318,0.9756
R4_S8_A0.6,logn30cv15,safe,C1-M5,36.596,35.736,0.9765
R4_S8_A0.6,logn30cv15,safe,C0-M10,7.473,6.873,0.9198
R4_S8_A0.6,logn30cv15,safe,C1-M10,11.001,10.401,0.9455
R4_S8_A0.6,logn30cv15,safe,C0-M12.5,3.404,2.979,0.8753
R4_S8_A0.6,logn30cv15,safe,C1-M12.5,7.471,7.046,0.9432
R4_S8_A0.6,logn30cv15,safe,C0-M15,1.048,0.82,0.7823
R4_S8_A0.6,logn30cv15,safe,C1-M15,5.481,5.253,0.9584
R4_S8_A0.6,logn30cv15,safe,C0-M17.5,0.446,0.325,0.7287
R4_S8_A0.6,logn30cv15,safe,C1-M17.5,5.002,4.88,0.9757
R4_S8_A0.6,logn30cv15,safe,C0-M20,0.136,0.09,0.6642
R4_S8_A0.6,logn30cv15,safe,C1-M20,4.763,4.714,0.9898
R4_S8_A0.6,logn30cv15,safe,C0-M30,0.0,0.0,
R4_S8_A0.6,logn30cv15,safe,C1-M30,4.663,4.654,0.9982
R16_S16_A0.6,exp30,lean,O*1.5,21.986,19.395,0.8822
R16_S16_A0.6,exp30,lean,O*2,40.922,36.499,0.8919
R16_S16_A0.6,exp30,lean,O*3,72.027,65.164,0.9047
R16_S16_A0.6,exp30,lean,O-M5,115.013,105.237,0.915
R16_S16_A0.6,exp30,lean,O-M10,36.187,26.412,0.7299
R16_S16_A0.6,exp30,lean,O-M12.5,19.117,9.341,0.4886
R16_S16_A0.6,exp30,lean,O-M15,9.775,0.0,0.0
R16_S16_A0.6,exp30,lean,O-M17.5,4.718,0.0,0.0
R16_S16_A0.6,exp30,lean,O-M20,2.211,0.0,0.0
R16_S16_A0.6,exp30,lean,O-M30,0.071,0.0,0.0
R16_S16_A0.6,exp30,lean,C,12.425,12.038,0.9689
R16_S16_A0.6,exp30,lean,C0-M5,140.33,130.582,0.9305
R16_S16_A0.6,exp30,lean,C1-M5,143.151,133.403,0.9319
R16_S16_A0.6,exp30,lean,C0-M10,50.364,41.526,0.8245
R16_S16_A0.6,exp30,lean,C1-M10,57.578,48.74,0.8465
R16_S16_A0.6,exp30,lean,C0-M12.5,24.945,17.861,0.716
R16_S16_A0.6,exp30,lean,C1-M12.5,34.146,27.062,0.7925
R16_S16_A0.6,exp30,lean,C0-M15,13.772,8.441,0.6129
R16_S16_A0.6,exp30,lean,C1-M15,24.078,18.747,0.7786
R16_S16_A0.6,exp30,lean,C0-M17.5,7.239,3.667,0.5065
R16_S16_A0.6,exp30,lean,C1-M17.5,18.367,14.78,0.8047
R16_S16_A0.6,exp30,lean,C0-M20,4.655,2.036,0.4374
R16_S16_A0.6,exp30,lean,C1-M20,16.157,13.489,0.8349
R16_S16_A0.6,exp30,lean,C0-M30,0.235,0.028,0.1191
R16_S16_A0.6,exp30,lean,C1-M30,12.589,12.052,0.9573
R16_S16_A0.6,exp30,safe,O*1.5,14.802,14.335,0.9685
R16_S16_A0.6,exp30,safe,O*2,28.151,27.332,0.9709
R16_S16_A0.6,exp30,safe,O*3,50.58,49.308,0.9749
R16_S16_A0.6,exp30,safe,O-M5,74.383,72.541,0.9752
R16_S16_A0.6,exp30,safe,O-M10,14.27,12.427,0.8709
R16_S16_A0.6,exp30,safe,O-M12.5,5.434,3.592,0.661
R16_S16_A0.6,exp30,safe,O-M15,1.843,0.0,0.0
R16_S16_A0.6,exp30,safe,O-M17.5,0.627,0.0,0.0
R16_S16_A0.6,exp30,safe,O-M20,0.201,0.0,0.0
R16_S16_A0.6,exp30,safe,O-M30,0.003,0.0,0.0
R16_S16_A0.6,exp30,safe,C,8.608,8.578,0.9965
R16_S16_A0.6,exp30,safe,C0-M5,91.015,89.184,0.9799
R16_S16_A0.6,exp30,safe,C1-M5,93.741,91.91,0.9805
R16_S16_A0.6,exp30,safe,C0-M10,22.221,20.68,0.9307
R16_S16_A0.6,exp30,safe,C1-M10,28.28,26.739,0.9455
R16_S16_A0.6,exp30,safe,C0-M12.5,9.569,8.422,0.8802
R16_S16_A0.6,exp30,safe,C1-M12.5,16.763,15.617,0.9316
R16_S16_A0.6,exp30,safe,C0-M15,3.833,3.143,0.8197
R16_S16_A0.6,exp30,safe,C1-M15,11.724,11.033,0.9411
R16_S16_A0.6,exp30,safe,C0-M17.5,1.466,1.125,0.7671
R16_S16_A0.6,exp30,safe,C1-M17.5,9.733,9.39,0.9647
R16_S16_A0.6,exp30,safe,C0-M20,0.582,0.432,0.7438
R16_S16_A0.6,exp30,safe,C1-M20,9.026,8.868,0.9825
R16_S16_A0.6,exp30,safe,C0-M30,0.008,0.007,0.875
R16_S16_A0.6,exp30,safe,C1-M30,8.614,8.582,0.9963
R16_S16_A0.6,logn30,lean,O*1.5,18.823,8.87,0.4712
R16_S16_A0.6,logn30,lean,O*2,39.409,22.487,0.5706
R16_S16_A0.6,logn30,lean,O*3,75.47,52.651,0.6976
R16_S16_A0.6,logn30,lean,O-M5,133.276,108.308,0.8127
R16_S16_A0.6,logn30,lean,O-M10,63.584,38.616,0.6073
R16_S16_A0.6,logn30,lean,O-M12.5,41.154,16.186,0.3933
R16_S16_A0.6,logn30,lean,O-M15,24.968,0.0,0.0
R16_S16_A0.6,logn30,lean,O-M17.5,13.99,0.0,0.0
R16_S16_A0.6,logn30,lean,O-M20,7.161,0.0,0.0
R16_S16_A0.6,logn30,lean,O-M30,0.162,0.0,0.0
R16_S16_A0.6,logn30,lean,C,4.837,2.861,0.5915
R16_S16_A0.6,logn30,lean,C0-M5,141.756,116.822,0.8241
R16_S16_A0.6,logn30,lean,C1-M5,141.757,116.823,0.8241
R16_S16_A0.6,logn30,lean,C0-M10,67.877,44.281,0.6524
R16_S16_A0.6,logn30,lean,C1-M10,68.002,44.405,0.653
R16_S16_A0.6,logn30,lean,C0-M12.5,44.51,23.643,0.5312
R16_S16_A0.6,logn30,lean,C1-M12.5,44.958,24.091,0.5359
R16_S16_A0.6,logn30,lean,C0-M15,27.44,11.093,0.4043
R16_S16_A0.6,logn30,lean,C1-M15,28.393,12.046,0.4243
R16_S16_A0.6,logn30,lean,C0-M17.5,18.03,5.659,0.3138
R16_S16_A0.6,logn30,lean,C1-M17.5,19.56,7.161,0.3661
R16_S16_A0.6,logn30,lean,C0-M20,10.46,2.239,0.214
R16_S16_A0.6,logn30,lean,C1-M20,12.797,4.359,0.3406
R16_S16_A0.6,logn30,lean,C0-M30,1.079,0.073,0.0681
R16_S16_A0.6,logn30,lean,C1-M30,5.37,2.889,0.5378
R16_S16_A0.6,logn30,safe,O*1.5,14.47,8.809,0.6088
R16_S16_A0.6,logn30,safe,O*2,32.823,22.869,0.6968
R16_S16_A0.6,logn30,safe,O*3,68.416,54.599,0.798
R16_S16_A0.6,logn30,safe,O-M5,130.034,114.745,0.8824
R16_S16_A0.6,logn30,safe,O-M10,53.65,38.361,0.715
R16_S16_A0.6,logn30,safe,O-M12.5,30.183,14.894,0.4935
R16_S16_A0.6,logn30,safe,O-M15,15.289,0.0,0.0
R16_S16_A0.6,logn30,safe,O-M17.5,6.721,0.0,0.0
R16_S16_A0.6,logn30,safe,O-M20,2.541,0.0,0.0
R16_S16_A0.6,logn30,safe,O-M30,0.015,0.0,0.0
R16_S16_A0.6,logn30,safe,C,3.356,2.603,0.7759
R16_S16_A0.6,logn30,safe,C0-M5,136.915,121.644,0.8885
R16_S16_A0.6,logn30,safe,C1-M5,136.916,121.644,0.8885
R16_S16_A0.6,logn30,safe,C0-M10,59.411,44.974,0.757
R16_S16_A0.6,logn30,safe,C1-M10,59.55,45.114,0.7576
R16_S16_A0.6,logn30,safe,C0-M12.5,35.498,23.009,0.6482
R16_S16_A0.6,logn30,safe,C1-M12.5,35.944,23.456,0.6526
R16_S16_A0.6,logn30,safe,C0-M15,19.72,10.47,0.5309
R16_S16_A0.6,logn30,safe,C1-M15,20.678,11.428,0.5527
R16_S16_A0.6,logn30,safe,C0-M17.5,9.993,4.41,0.4413
R16_S16_A0.6,logn30,safe,C1-M17.5,11.566,5.954,0.5148
R16_S16_A0.6,logn30,safe,C0-M20,5.102,1.951,0.3824
R16_S16_A0.6,logn30,safe,C1-M20,7.226,3.913,0.5416
R16_S16_A0.6,logn30,safe,C0-M30,0.19,0.045,0.2401
R16_S16_A0.6,logn30,safe,C1-M30,3.438,2.618,0.7615
R16_S16_A0.6,logn30cv15,lean,O*1.5,29.738,27.672,0.9305
R16_S16_A0.6,logn30cv15,lean,O*2,54.361,51.013,0.9384
R16_S16_A0.6,logn30cv15,lean,O*3,92.171,87.366,0.9479
R16_S16_A0.6,logn30cv15,lean,O-M5,124.937,118.02,0.9446
R16_S16_A0.6,logn30cv15,lean,O-M10,33.718,26.802,0.7949
R16_S16_A0.6,logn30cv15,lean,O-M12.5,15.533,8.616,0.5547
R16_S16_A0.6,logn30cv15,lean,O-M15,6.917,0.0,0.0
R16_S16_A0.6,logn30cv15,lean,O-M17.5,2.973,0.0,0.0
R16_S16_A0.6,logn30cv15,lean,O-M20,1.23,0.0,0.0
R16_S16_A0.6,logn30cv15,lean,O-M30,0.02,0.0,0.0
R16_S16_A0.6,logn30cv15,lean,C,17.268,16.93,0.9804
R16_S16_A0.6,logn30cv15,lean,C0-M5,154.341,147.441,0.9553
R16_S16_A0.6,logn30cv15,lean,C1-M5,156.627,149.727,0.9559
R16_S16_A0.6,logn30cv15,lean,C0-M10,53.761,47.544,0.8843
R16_S16_A0.6,logn30cv15,lean,C1-M10,62.845,56.627,0.9011
R16_S16_A0.6,logn30cv15,lean,C0-M12.5,25.503,20.523,0.8047
R16_S16_A0.6,logn30cv15,lean,C1-M12.5,38.093,33.114,0.8693
R16_S16_A0.6,logn30cv15,lean,C0-M15,12.838,9.214,0.7177
R16_S16_A0.6,logn30cv15,lean,C1-M15,27.348,23.724,0.8675
R16_S16_A0.6,logn30cv15,lean,C0-M17.5,6.197,3.813,0.6153
R16_S16_A0.6,logn30cv15,lean,C1-M17.5,21.934,19.533,0.8905
R16_S16_A0.6,logn30cv15,lean,C0-M20,3.658,1.997,0.546
R16_S16_A0.6,logn30cv15,lean,C1-M20,19.93,18.216,0.914
R16_S16_A0.6,logn30cv15,lean,C0-M30,0.123,0.023,0.187
R16_S16_A0.6,logn30cv15,lean,C1-M30,17.343,16.942,0.9769
R16_S16_A0.6,logn30cv15,safe,O*1.5,20.913,20.512,0.9808
R16_S16_A0.6,logn30cv15,safe,O*2,38.975,38.31,0.9829
R16_S16_A0.6,logn30cv15,safe,O*3,68.167,67.216,0.9861
R16_S16_A0.6,logn30cv15,safe,O-M5,82.504,81.111,0.9831
R16_S16_A0.6,logn30cv15,safe,O-M10,13.523,12.129,0.8969
R16_S16_A0.6,logn30cv15,safe,O-M12.5,4.53,3.136,0.6923
R16_S16_A0.6,logn30cv15,safe,O-M15,1.394,0.0,0.0
R16_S16_A0.6,logn30cv15,safe,O-M17.5,0.388,0.0,0.0
R16_S16_A0.6,logn30cv15,safe,O-M20,0.097,0.0,0.0
R16_S16_A0.6,logn30cv15,safe,O-M30,0.0,0.0,
R16_S16_A0.6,logn30cv15,safe,C,11.788,11.752,0.9969
R16_S16_A0.6,logn30cv15,safe,C0-M5,104.471,103.084,0.9867
R16_S16_A0.6,logn30cv15,safe,C1-M5,106.792,105.405,0.987
R16_S16_A0.6,logn30cv15,safe,C0-M10,24.893,23.749,0.954
R16_S16_A0.6,logn30cv15,safe,C1-M10,32.525,31.381,0.9648
R16_S16_A0.6,logn30cv15,safe,C0-M12.5,10.374,9.512,0.917
R16_S16_A0.6,logn30cv15,safe,C1-M12.5,19.948,19.086,0.9568
R16_S16_A0.6,logn30cv15,safe,C0-M15,3.798,3.3,0.8687
R16_S16_A0.6,logn30cv15,safe,C1-M15,14.583,14.085,0.9658
R16_S16_A0.6,logn30cv15,safe,C0-M17.5,1.395,1.139,0.8161
R16_S16_A0.6,logn30cv15,safe,C1-M17.5,12.723,12.463,0.9795
R16_S16_A0.6,logn30cv15,safe,C0-M20,0.546,0.431,0.7894
R16_S16_A0.6,logn30cv15,safe,C1-M20,12.126,11.998,0.9895
R16_S16_A0.6,logn30cv15,safe,C0-M30,0.017,0.012,0.7273
R16_S16_A0.6,logn30cv15,safe,C1-M30,11.794,11.755,0.9967
