c,S,patience,rho,H_visits,C_visits,H_late_share,C_late_share,eps,kappa,theta_prime,eps_linear,relax_H,relax_C,H_kpi,C_kpi,H_lost_min,C_lost_min
1,8.0,exp30,0.8,1.4386798904989544,1.615310531747538,0.22797383832843943,0.0,0.7747846969796324,0.24461208754403116,0.28815035690897806,0.84890433649992,2.719570154890673,3.470410416031112,0.4633787774681345,0.380923989322263,13.16039728326696,4.687976892389856
1,8.0,exp30,0.9,1.6692531504907693,1.9548993020148764,0.35585983776294194,0.0,0.8026928616608653,0.1471180447231235,0.1520300661725794,0.9676904603601243,4.756110528816058,6.5776462852080435,0.6141147542254584,0.4884647004736665,20.077595365043557,6.235918072185717
1,8.0,exp30,0.95,1.9116244244978442,2.3242311521876595,0.4788738092177106,-1.290207469854898e-16,0.8616189061662206,0.09173133999846701,0.07828702944569658,1.1717310089290847,8.652625365901516,12.77350803933167,0.7273909120934244,0.5697501950015773,27.348733812276183,7.527687902962237
1,8.0,exp30,0.97,2.093918060249936,2.6103930746571486,0.5614341839332503,1.4490592474032108e-16,0.9199208548167368,0.06587486110817438,0.0475626693031002,1.385011860633326,13.679818048619223,21.024892308447868,0.7905525414808252,0.6169159312792993,32.81754301978741,8.33158264369193
1,8.0,exp30,0.99,2.4876136435023475,3.252476496631476,0.7084191468377731,-1.805487146806215e-16,1.0796755798361852,0.033482317580249124,0.01604940682351273,2.0862028078942334,37.8137888349395,62.307598716668906,0.8827869215447356,0.6925419750040683,44.628410737968906,9.701318512966457
1,8.0,exp30,0.995,2.7335445942380465,3.6696428450253324,0.7792568778693107,2.0370609893490446e-16,1.2012704377365526,0.02225788849091898,0.008040993699576478,2.7680519749805685,72.88624924326915,124.36273890535121,0.9192465626512966,0.7274939163750971,52.00633936590158,10.361011665823986
1,8.0,exp30,0.999,3.2910485111201138,4.657403378676076,0.8893895699779497,0.0,1.5362838891733772,0.008968621951674796,0.0016043142373471228,5.590315003689811,343.1190371957729,623.3192829190464,0.9663905197239394,0.785288084648519,68.73145706620979,11.464548426471648
1,8.0,logn30,0.8,1.2559764186965716,1.4478391559943908,0.28581048553871513,0.0,0.6712935564144304,0.25928507875069423,0.34523247260756096,0.7510448735957511,2.1689768791267823,2.8965988988432687,0.431367099071451,0.30931554388499094,15.162557155872515,5.48177848750602
1,8.0,logn30,0.9,1.4257111760146366,1.715311524604959,0.41971419790076425,1.9043783490213063e-16,0.68999416755207,0.1607052160917483,0.18593932680128503,0.8642884690203022,3.755360403458387,5.378098421689505,0.5929850225896818,0.41701551837337403,22.371730743764044,7.102715592029202
1,8.0,logn30,0.95,1.611858125379763,2.008920266639763,0.5384112715076794,-1.1151747673297868e-16,0.7374699644532544,0.10235217822568793,0.09674972202896173,1.057906690368052,6.8662490352787575,10.335947008722705,0.713629431012381,0.5022201644305884,29.560063664208343,8.397978584951183
1,8.0,logn30,0.97,1.7552114285167681,2.2372147708625008,0.6141309575376926,0.0,0.7848543318485119,0.07420359960234219,0.0590279868476986,1.2570918231346602,10.940656609591542,16.94111646701006,0.7801580845514529,0.5530156456036291,34.78123803875218,9.179181292842845
1,8.0,logn30,0.99,2.07191741026619,2.7504937928018416,0.7434363912674489,1.5268307689285896e-16,0.9127564785721339,0.037879069798951975,0.020001665005970993,1.893795830879286,30.863985922105613,49.995837831574256,0.8761709286956623,0.6364289195572654,45.70412892742946,10.467074301125102
1,8.0,logn30,0.995,2.2738034650180383,3.0843376963951115,0.8040696845931357,0.0,1.0080397842473177,0.025006162096947213,0.010030461401410779,2.4930221149577534,60.25939668019654,99.69631106494818,0.913831464143138,0.6757812864756112,52.373237035030776,11.067733791303267
1,8.0,logn30,0.999,2.741059735352366,3.87537651649552,0.8977837707551672,-2.1512661188524794e-16,1.2634632281100688,0.009697999892629004,0.002001923155716989,4.8443417345635655,291.23089717439694,499.5196729426104,0.9627092295995903,0.7419605564147109,67.29479760230616,12.043310987354173
1,8.0,logn30cv15,0.8,1.4741910049441909,1.616427602633027,0.18673888334316027,0.0,0.7616870955978433,0.23512561960300749,0.2867547432465516,0.8199537240116255,2.883189945838272,3.487300641231941,0.4483339581307326,0.3813518165792995,12.452217132163556,4.54061821872794
1,8.0,logn30cv15,0.9,1.7288368692461764,1.9593479928121318,0.2961786094697443,-2.1753132548731144e-16,0.778284171090697,0.1363439057309109,0.15077356645090229,0.9042958188251768,5.150076416982711,6.632462331025638,0.5928931161462667,0.4896261390684554,18.855297700696184,6.039990237954265
1,8.0,logn30cv15,0.95,1.9982988066697531,2.333020145743631,0.40687108971001196,0.0,0.8226717197145726,0.08150322763868341,0.07744218724402925,1.0524396396741398,9.514293292052756,12.912858424942007,0.7031830733670599,0.5713710394552727,25.604938065269568,7.298204894700824
1,8.0,logn30cv15,0.97,2.201935100331059,2.622888158309498,0.48475131409875105,1.4559954121859387e-16,0.8683897201208712,0.05662606316468125,0.046984707870228286,1.2052019844644428,15.16745638390516,21.283520645951445,0.7660018745221957,0.6187408918554428,30.713221495694032,8.085971179085174
1,8.0,logn30cv15,0.99,2.643930749610513,3.2740027986734757,0.632407933301883,-1.8174366448872468e-16,0.9963063647435215,0.026743955900610787,0.015824401764692735,1.6900453046055532,42.41530351284887,63.1935421553309,0.860967588976274,0.6945634865049084,41.867224975905046,9.440105098951532
1,8.0,logn30cv15,0.995,2.921183637168594,3.697385253546785,0.7089056064396614,0.0,1.094929436764523,0.01696991811106424,0.007922887349371653,2.1418855731187554,82.10472166187807,126.21661218991211,0.9003505326209186,0.7295385978399921,48.9255951955762,10.099424374746905
1,8.0,logn30cv15,0.999,3.5515907488809892,4.70042438579483,0.8382903624063904,1.304629844654745e-16,1.3704483415698672,0.006152029349965015,0.0015795950937429913,3.894687552736843,388.2862129029089,633.0736300468235,0.9544683920452935,0.7872532524888385,65.17377111909845,11.216988821597894
1,16.0,exp30,0.8,1.6904247407442412,2.046880158962092,0.3003916308454669,0.0,1.1866356503161883,0.26326638906723177,0.19186891377734014,1.3721159091604953,3.6835693306600015,5.211891704147963,0.5861345658922872,0.5114516130211212,20.712742911455177,4.260153735792287
1,16.0,exp30,0.9,2.050874275922477,2.6318173807531884,0.4331405463707388,1.460952126360431e-16,1.3412346401148594,0.16388778733905518,0.09370241931791129,1.7490240757073805,6.9043895257590355,10.672083039897027,0.7236010708777897,0.6200344266615438,31.526229255687266,5.796477034906182
1,16.0,exp30,0.95,2.4348010467988974,3.2807902403278497,0.5530448007358276,-1.8212044318887398e-16,1.5296937832221928,0.10535020849778541,0.04582402597452422,2.2990168641305035,13.195830460162016,21.82261332856151,0.8164305047216088,0.6951953868589691,43.04403263174061,7.117344487087519
1,16.0,exp30,0.97,2.7275665854801763,3.792140893259342,0.6303980093541,0.0,1.6887336127059138,0.07721729644636884,0.02708632846970961,2.850784909173653,21.447192410467363,36.91899406441487,0.8644938706122062,0.7362967178309399,51.826998951760444,7.954528798948896
1,16.0,exp30,0.99,3.3718416408491474,4.962499009228602,0.7627935782221776,0.0,2.0853051386284043,0.04084393362611296,0.008780684281184191,4.65156613290788,61.900148395441065,113.88634051481228,0.9296507822597251,0.7984886247553237,71.15525089939712,9.402685298508446
1,16.0,exp30,0.995,3.782259714035182,5.736949749512825,0.8241792533203747,0.0,2.371680708538555,0.027786781117852075,0.00432602501691045,6.423166997239598,121.67918084434503,231.15908856074293,0.9535143644347874,0.825691344065735,83.46779324699617,10.107538950873206
1,16.0,exp30,0.999,4.732657175125656,7.60313075168497,0.9159315261059927,0.0,3.133939049748507,0.01176686196939987,0.0008418210318466944,13.977866463596213,591.6698867828297,1187.9009458890432,0.9822365172918374,0.8684752330770606,111.97971738495028,11.292081044602376
1,16.0,logn30,0.8,1.5097824045051094,1.850191023351686,0.3301837563201517,2.0541246740798225e-16,1.0309671882117395,0.27179337720474067,0.22575067386260475,1.203953780311452,3.1021134310703324,4.42966562575408,0.5563491522479317,0.4595152676784342,22.935569684115595,4.987577251413686
1,16.0,logn30,0.9,1.8021811616173375,2.326380819673257,0.4590509909204119,0.0,1.141920327859183,0.17040007572265595,0.1128187138359811,1.510388391507354,5.789439930158369,8.863777701400029,0.6998364977946382,0.5701477627637718,33.80597754707652,6.597585827998976
1,16.0,logn30,0.95,2.120784073325137,2.8533292128556593,0.5712094060540082,0.0,1.2824458627021624,0.10932518914967833,0.05589939533619876,1.955749046875336,11.131541812996822,17.88928116280409,0.7978150631461038,0.6495322041724083,44.966367165871986,7.927745535701451
1,16.0,logn30,0.97,2.367374582086588,3.2676214057653707,0.6423216809073852,0.0,1.4015513572685818,0.07958656646045416,0.033240152495509455,2.3942900524059216,18.222246680225975,30.084097843266303,0.8489135087454731,0.6939669943905966,53.28873808314187,8.747521711504367
1,16.0,logn30,0.99,2.918907455428189,4.213576592452301,0.7633906284372216,1.1695024372405386e-16,1.6959458091259254,0.04094277646062949,0.01085334471518247,3.772364882445471,53.517246231602755,92.1374955133528,0.9189390636134201,0.7626719301148387,71.26589414900349,10.124910198276975
1,16.0,logn30,0.995,3.275717093855013,4.83831200724035,0.8200252384057289,-1.3429013476896484e-16,1.9055449030121216,0.027162851611598603,0.005359721752277192,5.067959283531442,106.32733875181718,186.57684973574104,0.9450579044411713,0.793316347002108,82.58453229629636,10.776737158826242
1,16.0,logn30,0.999,4.115708077276733,6.341407349286672,0.9071999626777684,0.0,2.453372314346636,0.010671531354538705,0.0010456955570737636,10.205199096763431,528.1677196468515,956.3012802677857,0.9774522304352465,0.8423062981260008,108.6775738311571,11.843969203366179
1,16.0,logn30cv15,0.8,1.7527409121010178,2.053397197144147,0.2570839212514278,0.0,1.169486926991003,0.2517835651389966,0.19062456949253748,1.3208348000956578,3.9438896624405637,5.245913486714249,0.5761403903911644,0.5130021598399014,19.553535871754978,4.123635167362159
1,16.0,logn30cv15,0.9,2.150173135619752,2.6439395382586075,0.37804687270716114,0.0,1.306098365800613,0.15157073921502168,0.09287119041610788,1.6320533691439876,7.515911034136401,10.767601831305441,0.7107427690405168,0.6217765249432916,29.773213669926292,5.6179968318140805
1,16.0,logn30cv15,0.95,2.5755859315970575,3.300092949585771,0.49242996110410214,0.0,1.4712894730537105,0.09395111701984489,0.045334003088201534,2.072420492782299,14.523641203441818,22.058497637069593,0.8029302642676085,0.6969782320447913,40.74790224930708,6.909039042440596
1,16.0,logn30cv15,0.97,2.901052986375348,3.817619733366815,0.5692519143451052,0.0,1.6101250147677224,0.06699034279150151,0.026768976635428786,2.5025365632707706,23.73530065481138,37.35667648484175,0.8515200902300369,0.738056676714083,49.18664910917004,7.7313474871442205
1,16.0,logn30cv15,0.99,3.61939217949616,5.003291740093035,0.7076132356889244,-1.388692422192038e-16,1.9557287665055123,0.033393110257950026,0.008664725066815147,3.8539145789912728,68.96480938892557,115.41047087920646,0.9192166115715659,0.8001315829763298,67.97041338010298,9.163859980289198
1,16.0,logn30cv15,0.995,4.07783324139187,5.788489282562619,0.7755613611228437,0.0,2.205700447343189,0.02189942407580378,0.004266387322109427,5.1330135832524615,135.8158659413309,234.3903458595462,0.9449613003790837,0.8272433529396999,80.07856806606702,9.867257378034846
1,16.0,logn30cv15,0.999,5.139794424483682,7.681679984142591,0.8838979524420062,0.0,2.8757681275720413,0.008548032653730386,0.0008296124533249375,10.303645538915681,660.6659780611167,1205.382098583754,0.9774111495578628,0.8698201432415417,108.47427973314169,11.062378726237464
2,8.0,exp30,0.8,1.2202569643336807,1.2646804382710608,0.09408296724386543,0.0,0.47217339374759876,0.21627843620736825,0.44457419748655724,0.486484455081107,2.0106706821845926,2.2493433169392096,0.25760142393384466,0.2092864175498057,6.607709206819552,3.7302811306585304
2,8.0,exp30,0.9,1.3644983876603076,1.4474345659996841,0.18873384767791632,0.0,0.43943457604335606,0.12046164437043982,0.25291329735796764,0.4762962075495034,3.310826895355007,3.9539241726172394,0.40544733532946553,0.3091224822938089,10.934952222167087,5.418480620241869
2,8.0,exp30,0.95,1.5175143936906026,1.6478361948599336,0.29839070598057343,0.0,0.4367488616680157,0.06978084522985832,0.13678267142058823,0.5101585201190555,5.770177219679293,7.310867594661428,0.5376588868372385,0.39314356419692553,15.52543266239625,6.855238355215266
2,8.0,exp30,0.97,1.6322553136709748,1.8025425228195942,0.381360947628649,2.00122421170023e-16,0.44652503148916284,0.04761299854492262,0.08525182222108582,0.5584983089446061,8.904708067766347,11.729954550492458,0.6209912461672314,0.4452280668331928,18.96766041112666,7.753845087773934
2,8.0,exp30,0.99,1.8774543334208953,2.1461700214014154,0.5482328133997687,-1.1913636862600582e-16,0.49014885904790584,0.021869891778661034,0.02983554408772265,0.7330146792147998,23.692636226166947,33.517069340508606,0.7593724765720028,0.5340536909806356,26.32363122852149,9.284207209713019
2,8.0,exp30,0.995,2.0284816606488048,2.3667694044053307,0.6385656754793699,0.0,0.5297618659233039,0.013712633876300246,0.015171928899959,0.9038161176946528,44.86969754196095,65.91119735623745,0.8218202651114799,0.5774831303215797,30.85445114043168,10.018511133505331
2,8.0,exp30,0.999,2.3648521774822795,2.882310573985316,0.796159306350802,-1.6000037816795243e-16,0.6499432869469406,0.004886703836244396,0.003092811416011085,1.5800199814791687,205.0454668851785,323.3304154346904,0.9138040442484586,0.6530561248237317,40.94556679388511,11.239328559751074
2,8.0,logn30,0.8,1.091459584853402,1.1577460100612458,0.1628610215155111,0.0,0.4070122156364496,0.2299613433216882,0.5380399885666096,0.42740567282801295,1.5481093934941137,1.8585979132593775,0.23300964130803936,0.13625269160107112,8.431277532670805,4.596282231209425
2,8.0,logn30,0.9,1.1811052494659129,1.292028938935546,0.29260129629802967,0.0,0.3790950035868997,0.13574801844113493,0.31494004896420236,0.43102812388450706,2.456585399265428,3.1752074824680836,0.40107056164397736,0.2260235279065329,13.52172665476032,6.457836957255169
2,8.0,logn30,0.95,1.2848764990919896,1.4445981226360003,0.4194915992280966,0.0,0.3807504699448409,0.08312785210606641,0.17243442960341085,0.4820838407808442,4.249076570962106,5.799305871222713,0.5481990672394248,0.3077659562679823,18.5055403685978,7.942813964461409
2,8.0,logn30,0.97,1.366067260755417,1.5641575311957956,0.5047274672888025,0.0,0.39246976492965935,0.058775761965241584,0.10789082295047678,0.5447707261647303,6.581516319275864,9.268628903303593,0.6374464516210437,0.3606782053240495,22.024838455675262,8.828628149908536
2,8.0,logn30,0.99,1.5458148266389717,1.8324501870641134,0.6571019589169068,4.068856778314508e-16,0.43621139236534845,0.0286148287680182,0.03782369891271388,0.7565317404321804,17.8417344936301,26.438450726559296,0.7781765091303676,0.4542825736495656,29.09946078933061,10.264393620786404
2,8.0,logn30,0.995,1.6597323664176438,2.0058295382686215,0.7316787946467053,0.0,0.4730179067415675,0.018383726496810002,0.019216675045781704,0.9566549079386892,34.27212148290068,52.038138627915814,0.8383346551634483,0.5014531489733802,33.24585051467949,10.921276055159769
2,8.0,logn30,0.999,1.9204438474983716,2.413001083147523,0.8521196369444259,-1.339484680477911e-16,0.5780376537447115,0.006723478566139171,0.003903922078243313,1.7222368765015417,161.64117991417402,256.1526536538819,0.9229967784539976,0.5855783045502829,42.15468712039224,11.968135308079896
2,8.0,logn30cv15,0.8,1.2269066244854698,1.2602120089188251,0.07144064609221676,1.3991163882108028e-16,0.46619657373148915,0.2121232916537915,0.4447973247844778,0.47689875778046503,2.0726494221434186,2.248214960565557,0.24317031518417687,0.20648272439655935,6.31570814024736,3.6195027544440492
2,8.0,logn30cv15,0.9,1.3826150786248,1.4442130912150357,0.14336362987820905,0.0,0.42966275785961067,0.1148141098750297,0.2516206037792083,0.45629852305646884,3.4990823208660626,3.9742373437648943,0.3804230957947943,0.3075814046535983,10.269613904547528,5.236528875287915
2,8.0,logn30cv15,0.95,1.5499944649184052,1.6468472392627276,0.2300695134140134,1.8283677230698543e-16,0.42097178764417387,0.06398490820167846,0.13548068194641774,0.4722806770856403,6.226795396274219,7.381126118006238,0.5032688799785376,0.3927791381259582,14.421404002954292,6.617615454418758
2,8.0,logn30cv15,0.97,1.67662011755251,1.8036273054659264,0.29875677219199,0.0,0.4251190256929067,0.04224125290885204,0.08423607220349938,0.5014627558465058,9.728989003014165,11.87139872315245,0.5817518706433824,0.44556173164517887,17.531143707437398,7.4868151420881475
2,8.0,logn30cv15,0.99,1.9497923184898458,2.152515884310836,0.4469088354203819,-1.1948863478166349e-16,0.45361279472199156,0.017935274311243497,0.029383191493129773,0.6103923161456791,26.390191202511406,34.03306275405162,0.7163332938925526,0.5354273539680909,24.21465347947732,8.982906551349481
2,8.0,logn30cv15,0.995,2.1194941343462856,2.376789149640892,0.5340705667912744,0.0,0.4817622076431758,0.010670081685141625,0.01492499204918049,0.714913726585704,50.39151053423606,67.00171073490834,0.780169510423093,0.5792643196174594,28.375119672646914,9.710858159602783
2,8.0,logn30cv15,0.999,2.500382381110467,2.9013366798300306,0.702861267382196,-1.610565392068403e-16,0.5704600855484844,0.003357487951360911,0.0030391636078703713,1.104740772318473,232.9575317058211,329.0378962851318,0.881162683410912,0.6553312799055835,37.79143607634052,10.942447181372646
2,16.0,exp30,0.8,1.3440384621869477,1.4641719889999976,0.17690788243919356,0.0,0.6790739064684806,0.2329715680365747,0.3195573393195998,0.7290446482393953,2.5431311228071687,3.129328846363522,0.38759779521370885,0.31702012638352595,10.321154306872963,3.6856980553187357
2,16.0,exp30,0.9,1.562612827879197,1.7737274855603269,0.29851094858663,0.0,0.7072258444144229,0.13673525559137054,0.165635164079245,0.8255206939388314,4.515659523684723,6.037365347865195,0.5510794235796448,0.43621553584704365,16.878385561106303,5.326423912786453
2,16.0,exp30,0.95,1.7958205742122768,2.117232426850981,0.4211575228666977,1.1753000943864782e-16,0.7631630332777777,0.08334716013911848,0.08399981567586702,0.9922302741798035,8.312639859089808,11.904788027853948,0.6776724326219465,0.527685299300215,23.87461819468577,6.741209395352014
2,16.0,exp30,0.97,1.9725198460785973,2.3864289014110396,0.5062052470433849,0.0,0.8176704167923564,0.05894129570951612,0.05056225599525235,1.16571728356129,13.229775865390268,19.77759853306185,0.7496629735116289,0.5809638412404731,29.17559649978003,7.636055269074092
2,16.0,exp30,0.99,2.35657730523732,2.997109167779837,0.6629265910580151,0.0,0.966218388555275,0.029094908721882154,0.016804537659463097,1.7313721633691013,36.936029843341174,59.507736556909805,0.8569648412581823,0.6663451532728895,40.69732052038851,9.177550679551684
2,16.0,exp30,0.995,2.597723367920064,3.397592824993644,0.7410222596435863,0.0,1.0794135353751693,0.019034355975960267,0.008360344322268124,2.2767430672994498,71.49512257270221,119.61229842369677,0.9003058818523193,0.7056739722771601,47.931702517274104,9.924270459048106
2,16.0,exp30,0.999,3.146831371946805,4.3541260681888305,0.866366788626694,1.208512753255961e-16,1.3935145161274562,0.00743496563835096,0.0016491129015186738,4.508463690693387,338.6853815832428,606.386621000345,0.9575340412058262,0.7703327868005517,64.40494284409917,11.173111031011544
2,16.0,logn30,0.8,1.2068095720858296,1.3469547213717004,0.23490680884079249,0.0,0.5965989235367536,0.24628276251122494,0.37693023598191855,0.6533908373512365,2.047356572062793,2.653010834736989,0.3660199514022483,0.2575845467309932,12.490004902486774,4.451369592256134
2,16.0,logn30,0.9,1.365089005825575,1.5914247586489327,0.3689602795339464,0.0,0.6134420569857946,0.14971497202005982,0.201043238820978,0.7446904103717499,3.557640388968158,4.974054366933799,0.5377299811418415,0.3716322467868558,19.596775699130554,6.223197918640065
2,16.0,logn30,0.95,1.541346549995137,1.8645836239322988,0.4912759985094189,2.0701036706286522e-16,0.6579541335581137,0.09375798648024924,0.10351839210023589,0.905713318938187,6.541347445238364,9.660119131600402,0.6699483308979501,0.463687234423384,26.704737660512706,7.672420689749648
2,16.0,logn30,0.97,1.6781544230391547,2.0791293198010528,0.5707854627504717,1.1541486210081846e-16,0.7024966873362556,0.0672136076134844,0.06270986943852054,1.071818650162862,10.46725536758878,15.94645322903087,0.7442341828875221,0.5190294367568788,31.861883349522166,8.55531271332941
2,16.0,logn30,0.99,1.9825933951494759,2.5663387352032463,0.7093077444436784,0.0,0.8229789462000184,0.03358122991035503,0.02097846551145271,1.6007476758498917,29.771497767305128,47.667928784117954,0.8533777746523739,0.6103398252605173,42.62795552863805,10.018551907999107
2,16.0,logn30,0.995,2.1778668119298086,2.886022167877133,0.775614963435742,0.0,0.9130243604512327,0.02190454137165365,0.010452724153588286,2.0955820750453937,58.37849906587255,95.66884051529365,0.8969702668064303,0.6535023150097394,49.19049671731587,10.701706888230442
2,16.0,logn30,0.999,2.6325380746536418,3.6500151034939785,0.8803018119931475,0.0,1.1558274843676648,0.008293350685412086,0.002063070018511039,4.019907521799755,284.3428295756355,484.71452302996835,0.9545312604747032,0.726028530938749,63.86746550058482,11.807064412990243
2,16.0,logn30cv15,0.8,1.368436998737601,1.4645377253185892,0.14343422197010663,0.0,0.6699985907199791,0.22592414665643995,0.3185412901137785,0.7092460339309324,2.671379694671739,3.139310447455066,0.3740553793707122,0.3171906856940381,9.716494825567507,3.570395934342574
2,16.0,logn30cv15,0.9,1.6072532844029128,1.7763665832118376,0.24531491815365586,0.0,0.6893722570227006,0.12833399058084694,0.1645538652528544,0.7798904655545356,4.849798901958419,6.07703743976718,0.5304504341848613,0.4370531344989015,15.768091955981665,5.157042238384489
2,16.0,logn30cv15,0.95,1.8644569703054301,2.123243813896724,0.35286724193004176,0.0,0.7333830201291393,0.07521327053118253,0.08321783089276456,0.9038119562152875,9.081067614814074,12.016655436364488,0.6529108644626179,0.5290225298409178,22.232259645361577,6.530592439959508
2,16.0,logn30cv15,0.97,2.0606551612189405,2.3955225298238956,0.43087106778745826,0.0,0.7771869444019845,0.05154150081059136,0.05001016008757867,1.0306205923022638,14.591716533867821,19.995936790619808,0.7238116580962123,0.5825545418378866,27.156015157680912,7.403704098440143
2,16.0,logn30cv15,0.99,2.4901164265154856,3.0141673420300585,0.5838048441483621,-1.6731989915974902e-16,0.8976474257918214,0.02369481099747574,0.01658123300787065,1.4290138125571528,41.310696049250645,60.30914585937786,0.8328611660804808,0.6682334168857079,37.97079630306685,8.919741010537255
2,16.0,logn30cv15,0.995,2.7613644203000556,3.4203693403259887,0.6656966768952793,0.0,0.9899477388101805,0.01480902666925996,0.008241626026410556,1.796857394621396,80.39482577964033,121.3352798095266,0.8789354564551126,0.7076339130368031,44.85043448356539,9.661740943262211
2,16.0,logn30cv15,0.999,3.3817890646688378,4.391415994879386,0.8088402178162236,0.0,1.2482402679436813,0.005209182763216932,0.0016239274809685049,3.2077680957219794,383.2468334701676,615.7910446860587,0.9434737712706823,0.7722830173306173,60.770585133307144,10.91908908988482
4,8.0,exp30,0.8,1.1049552772845657,1.1108051091870836,0.01773549695747907,-1.2332414080907613e-16,0.32983749576022214,0.20287842095759315,0.6124691362497312,0.3312467664899125,1.5867430910855531,1.6327353344254967,0.11103686887994035,0.09975207016123089,3.1486582458676846,2.454233384492147
4,8.0,exp30,0.9,1.1957376533941542,1.2106964181981672,0.055560913840705835,0.0,0.2692317992986957,0.10526364724023697,0.38359892169188436,0.2744106964012459,2.4464947968254807,2.6068894969502114,0.21016195862155762,0.17402910839675112,5.872129878480329,4.162963168458698
4,8.0,exp30,0.95,1.2949635297559003,1.3230806120121477,0.11652082644230365,0.0,0.24130520795928054,0.05622364490599972,0.22183742627684716,0.2534452632705634,4.06720442675801,4.507805633987236,0.31775748640254686,0.24418815382745673,8.84890649263265,5.727183513278484
4,8.0,exp30,0.97,1.3698101677654682,1.4099818136197038,0.1732718981775323,1.5653942737833312e-16,0.23184166778779244,0.03606087510649129,0.14336917277005334,0.25152460888038,6.1123702599094925,6.975000139003926,0.3964652027871235,0.29077099410750473,11.094305822372698,6.738402138497722
4,8.0,exp30,0.99,1.5289780018368486,1.6010876803227907,0.31434532000124016,0.0,0.2293963800245462,0.014518036575217507,0.05293654469396163,0.27425357395632116,15.601188811573095,18.89054160563806,0.5515601407116099,0.3754245864921071,15.869341119991056,8.498147865787455
4,8.0,exp30,0.995,1.6259293428192714,1.7219240963578957,0.4068769890370506,1.9117197784334024e-16,0.23593065256851614,0.008401136050460526,0.027534307765930802,0.30511520833857886,28.989068741545363,36.318327248355104,0.6352098487044293,0.4192543085289676,18.777881455862836,9.353391849371206
4,8.0,exp30,0.999,1.8382845105232037,1.9990387494214048,0.6026554272969252,0.0,0.2667432028600952,0.0025128950916489456,0.00580535092914632,0.43285843049258493,128.32017903650464,172.25487523577564,0.7838503395810121,0.49975957179947783,25.148536628546907,10.781985514536549
4,8.0,logn30,0.8,1.025189629802511,1.0413795811867694,0.05885973658570754,-2.312327176816108e-16,0.27505986814405337,0.20988284945174668,0.7541330291834478,0.27831011417044205,1.2154748896592331,1.326025994489022,0.08198421437837755,0.039735349083388716,4.454017097752814,3.330320075323022
4,8.0,logn30,0.9,1.067704382456618,1.1021504185459399,0.1549991484429664,1.2236327712699556e-16,0.2222337118322735,0.11621136528019749,0.4961890334862381,0.23420784708540043,1.7248207607912107,2.0153609461579025,0.2085816397860789,0.09268282879273904,8.26244241015475,5.441584505288201
4,8.0,logn30,0.95,1.1237044181084501,1.1788879978915632,0.2708256780269704,0.0,0.2037605155653577,0.06732049875505368,0.2920596134631045,0.2305025948531504,2.775521636222959,3.4239585136146484,0.351097752912229,0.15174299696960458,12.061546198067974,7.189301229807967
4,8.0,logn30,0.97,1.169566912933241,1.2411287134940527,0.35712094788545645,0.0,0.20038533439311007,0.04590013304093572,0.18937550731925787,0.24237629084502033,4.1462981112696236,5.280513906764903,0.4503272578888021,0.19428179436379522,14.697077320907706,8.234419891762172
4,8.0,logn30,0.99,1.273129175405971,1.382500583965047,0.5254162152823516,1.5348839798757197e-16,0.2081614639553926,0.020840362674253626,0.06964517886072527,0.2992362574863893,10.69847293537489,14.358495682806346,0.6272304539982638,0.2766729999259947,19.78606684033923,9.908552503050146
4,8.0,logn30,0.995,1.3389596889898983,1.4737619447331927,0.6142652877272946,0.0,0.219452829968703,0.012859878291944774,0.03603821824868124,0.3568400136545419,20.15469294862676,27.748319661630138,0.711914618905592,0.32146436297007364,22.62692264323027,10.65977256485099
4,8.0,logn30,0.999,1.4884314485802084,1.6861869926273814,0.7687417458761686,-1.8720436230383679e-16,0.25724574619241247,0.004309841682902876,0.0075074950526430595,0.5740718645409656,92.4173685722465,133.2002209775613,0.8446295566084514,0.4069459648471009,28.413983178472062,11.829521946985174
4,8.0,logn30cv15,0.8,1.0988119145263042,1.1027701930368545,0.012173254320969877,0.0,0.32516190052250044,0.2019667209627136,0.6192829180959623,0.32612997236170727,1.5849529969965066,1.6147708434693866,0.10100470096842729,0.09319275555847417,3.10550374114245,2.4125222369868093
4,8.0,logn30cv15,0.9,1.1922673323306496,1.202018232449008,0.036708921448431665,0.0,0.2656275295926744,0.10341661300803429,0.38441748715580976,0.2690216144254595,2.499511338544204,2.6013384755170783,0.19205110093176614,0.16806586372439125,5.631584934477389,4.030459949852861
4,8.0,logn30cv15,0.95,1.2971231022850758,1.3152396731348852,0.07646917369283296,0.0,0.23691338581192767,0.05391679265348724,0.22043648238526664,0.24459105893032018,4.254437544051406,4.5364541711941095,0.28801605284785226,0.2396823024532928,8.31154383774131,5.501553772498694
4,8.0,logn30cv15,0.97,1.3774324404477445,1.4033165485612498,0.11458192042425233,0.0,0.2259004563518091,0.03375124618885454,0.1417724002045513,0.23806640883668292,6.493853552148668,7.053559074666052,0.357196728074783,0.2874024032387772,10.303774037408457,6.455219685881405
4,8.0,logn30cv15,0.99,1.5508498558576624,1.5978488007215126,0.21553460403625488,-1.7739685284307167e-16,0.2180575368581857,0.012712599414863286,0.051996863919426074,0.24448781054493265,17.021195244495274,19.231929093831365,0.49417063618327306,0.3741585564613823,14.512013236143689,8.133466491772001
4,8.0,logn30cv15,0.995,1.657947005951594,1.7211920059287469,0.2874567419676436,0.0,0.22001571277904436,0.007002988112673894,0.026984058405846216,0.2595231602062003,32.02322665330725,37.05891771207208,0.5702255527622339,0.41900729462172703,17.079601258840857,8.963806350089161
4,8.0,logn30cv15,0.999,1.895631010425515,2.0044719215655555,0.45868744687176943,1.1127054397683553e-16,0.23728774764239002,0.0018457964826874736,0.005677878492617207,0.32508559052250113,144.54456890733246,176.12212048924005,0.7144420247658212,0.5011154862079743,22.76588898142499,10.385774585304754
4,16.0,exp30,0.8,1.1642856498550862,1.1930549982409366,0.06729962229767242,-1.3245571286912135e-16,0.427481572758327,0.2113806102229145,0.48399340545300434,0.4367427486435856,1.8885968396361588,2.0661438538899675,0.1989076067214115,0.161815673649229,4.928569681718598,2.8027333696694354
4,16.0,exp30,0.9,1.2995268163948732,1.3589448305838743,0.1492757571725783,1.5087318401095498e-16,0.39804195479851234,0.11551985614186397,0.27235583863005003,0.424150466988073,3.1533268364747227,3.671667202105894,0.3453584550201998,0.26413495419799526,8.985804965450958,4.531024694233785
4,16.0,exp30,0.95,1.4465884282163117,1.5457433960517686,0.250231225044117,0.0,0.39625337652395437,0.06559265008230623,0.14561925139370377,0.4504394127460973,5.562429028571031,6.867223876164203,0.48169862254437423,0.35306209131848076,13.397653587008696,6.066868858074109
4,16.0,exp30,0.97,1.5580376239254836,1.6917748474064271,0.32978857546397067,0.0,0.4055241249421458,0.044110819494168826,0.09008861074398068,0.4896381366066977,8.644076485121166,11.100182273227203,0.5698361745286817,0.40890479514277656,16.74112962176567,7.0477545923408575
4,16.0,exp30,0.99,1.798097071159202,2.019628218653748,0.49684865680850954,-1.1211188747660405e-16,0.4458724894569381,0.01968039203710238,0.031132213919019804,0.6321552359974923,23.239768998242678,32.12106927574029,0.7201756505464315,0.5048593643306366,23.942913294846424,8.743182841537678
4,16.0,exp30,0.995,1.9468088690749692,2.2319187728333807,0.5910117563533623,1.2389638053463718e-16,0.4824098686591034,0.012137589452849195,0.015736016791132894,0.771325400446231,44.20115971384438,63.54848328348828,0.7899186457677434,0.5519550208673057,28.404267341927984,9.564227931785213
4,16.0,exp30,0.999,2.279508570976107,2.7319208639564856,0.7618224315468577,0.0,0.5938553057065658,0.004185160518528195,0.003175698337736597,1.3178709289847308,203.2209967521173,314.8913699129043,0.8955136332954636,0.6339571862444957,38.3852585656548,10.933275412915641
4,16.0,logn30,0.8,1.0713445723282702,1.1190367658155411,0.12798069044668417,-1.242380382810483e-16,0.3726514782879619,0.2228125119047496,0.5759556671999131,0.38685705271029447,1.4800300820736678,1.7362447440818425,0.18605149820451894,0.1063743117758853,6.711241298990714,3.6065746239880445
4,16.0,logn30,0.9,1.1535872357011432,1.2401694937568732,0.2515611120204431,-1.376864726406605e-16,0.3441798192110627,0.12926657679386142,0.33705080117506914,0.38352253233992006,2.34291604709307,2.966911802356421,0.3512073774597029,0.19365860470355745,11.75400728202205,5.590798578204212
4,16.0,logn30,0.95,1.2512863288121245,1.3814918051788478,0.3773078684334817,0.0,0.34509080583798685,0.07793531618409798,0.18357131891706727,0.4245506141365532,4.062586699638203,5.4474740711089735,0.5023583993300286,0.2761448194978323,16.749816175728945,7.224482167953736
4,16.0,logn30,0.97,1.3285882893886412,1.493621888072196,0.4636934172874102,0.0,0.35591102338479497,0.054523891358986915,0.1143121607752628,0.4769736744472939,6.3110546965757335,8.747975659090157,0.5963335015098057,0.33048651202434465,20.27833032526974,8.211576962564564
4,16.0,logn30,0.99,1.5012355390670404,1.7479389300950867,0.6215961388005928,0.0,0.3968869425477374,0.0259996932818152,0.03967272109690806,0.6553544239707197,17.22411383335498,25.206236737765256,0.7479383805191756,0.4278976325874263,27.34646900333952,9.822691778509954
4,16.0,logn30,0.995,1.6113969262109087,1.9137314804584777,0.7005936249745593,-2.1246687525549898e-16,0.43154054428991934,0.01650658432778773,0.020043242493397496,0.8235486016409377,33.2152172957865,49.892127001377766,0.8141945226807187,0.47746065202395727,31.471358795496318,10.56161045069729
4,16.0,logn30,0.999,1.8650602470838131,2.3063416597738073,0.8310964496137839,-1.28027680666654e-16,0.5309629380501633,0.005891547136364874,0.004029630513425132,1.4620564135437664,157.82150063637678,248.1617102780038,0.9094380191469358,0.5664128964751588,40.30227788683013,11.736436221117321
4,16.0,logn30cv15,0.8,1.1681444275673691,1.189720874462217,0.05103650087176535,0.0,0.4227650118306691,0.20851334400907326,0.48525333930600734,0.4296999672527383,1.9304014235448734,2.060779223961994,0.18763170312387922,0.15946671066688278,4.715953393757865,2.7273224520531163
4,16.0,logn30cv15,0.9,1.3119310341196468,1.35590377947346,0.1125886710878351,0.0,0.3905610123021016,0.111275481482079,0.2717381588867935,0.4094952359209754,3.299947557541327,3.6800131571385277,0.32358385781486654,0.26248453973014874,8.438249506249988,4.385177544209653
4,16.0,logn30cv15,0.95,1.4708073122380405,1.5440598188150754,0.19069489201595233,1.7142507622470442e-16,0.384134602676757,0.06106197702895809,0.14461910529112354,0.4222262121317795,5.947210059159311,6.914715714683503,0.4497544979208896,0.3523566977039736,12.430697027887593,5.858718051446599
4,16.0,logn30cv15,0.97,1.5925588399155317,1.6916134913221674,0.25474706656679336,1.8780682468324177e-16,0.388835297464217,0.039846159940543024,0.08922084596559762,0.44660145854150696,9.366289548172096,11.208142998168684,0.5320405659405747,0.4088484129915524,15.445102836273305,6.803622674335274
4,16.0,logn30cv15,0.99,1.8579920955049025,2.0238186689329662,0.3983415816311844,1.123445041957808e-16,0.4162924009816251,0.01651140254224415,0.030704372659641353,0.5377541083569239,25.73511306397722,32.568651087095084,0.6761781603783861,0.5058845857335439,21.960145610035536,8.451263692701913
4,16.0,logn30cv15,0.995,2.024217363454913,2.239378793542684,0.486018032415443,0.0,0.44270256603123975,0.009682186834086252,0.015495154145440105,0.6248525663705975,49.420949211157975,64.5363053903067,0.7460836089720633,0.5534475887315131,26.03326540969361,9.259360949367624
4,16.0,logn30cv15,0.999,2.399761546343048,2.747808528192803,0.6624296269238312,0.0,0.5254097457355643,0.0029565422588395313,0.0031215520720227568,0.9471385357745131,230.4184615065623,320.35345780792557,0.8593317016890339,0.6360736238570137,35.29058422534966,10.630090016843278
8,8.0,exp30,0.8,1.045683365150078,1.0458787985053537,0.0007357578170923073,0.0,0.2656218537343661,0.2001176048532831,0.7532946523209837,0.265656478824984,1.32491420814721,1.3275017908581854,0.04439118428598976,0.04386626688572193,1.3705004831460121,1.2388427499618766
8,8.0,exp30,0.9,1.1016205252271603,1.1026070937263914,0.005120199976433111,0.0,0.1926816342666466,0.10046287196291427,0.5206535042151458,0.19295533622568445,1.9037577642169425,1.9206631510287069,0.09689427780186166,0.09305861925812442,3.0486156088667977,2.641828532507493
8,8.0,exp30,0.95,1.1665799113114041,1.1693082087922722,0.01757205356632572,-1.2981928962843805e-16,0.1552634397892098,0.05084880730479803,0.32548461250879435,0.15622491924537335,3.0070365056544333,3.0723418606247654,0.15785627979031125,0.1447934834624507,4.997397598525101,4.1294411116657015
8,8.0,exp30,0.97,1.2165189759132626,1.2212390261672839,0.03394665571102967,0.0,0.13904315919071886,0.031021463393625007,0.22015370141118615,0.1409082072878053,4.391684254421143,4.542281113558372,0.20588715555075032,0.1811594793704041,6.495569794344098,5.172720165327646
8,8.0,exp30,0.99,1.3231308827250259,1.33427230687984,0.09227632435226316,0.0,0.1207397914147734,0.011005374488495862,0.08736648050539268,0.12596792757167957,10.724821074893768,11.44603736141432,0.31395775920651625,0.2505278009265788,9.693927379257124,7.11755571198724
8,8.0,exp30,0.995,1.3876830138072338,1.4043642850978832,0.1440684848399972,1.5591575642769176e-16,0.11578709465276688,0.005836673649497016,0.04693857284723692,0.12434706245740909,19.53622065769306,21.304439810186224,0.38319377938360943,0.28793404203504025,11.630491453600778,8.11590108482705
8,8.0,exp30,0.999,1.5271144910878138,1.5608345658410132,0.29411526560745266,0.0,0.11464918246781727,0.001416071159649474,0.010414481036272403,0.13597136090770784,83.69932813740907,96.02014699696686,0.5377656760432399,0.3593171102914565,15.813435940937032,9.85213458779414
8,8.0,logn30,0.8,1.0043434245425664,1.0062987252394477,0.008985942619396432,1.117216014411779e-16,0.21759550218591106,0.2014480469698859,0.9250163815481486,0.21777781560228532,1.0574533024860058,1.0810619357101066,0.013271722437008138,0.006259299630881454,2.050390090248669,1.880412440000686
8,8.0,logn30,0.9,1.020242530243281,1.027583457973214,0.05046470490433981,0.0,0.14546657399163157,0.10475787098119667,0.711650492391971,0.1472041010315172,1.311106521443369,1.4051841608917326,0.06930433995018848,0.026843034265673693,4.8489638121205765,4.030376901836764
8,8.0,logn30,0.95,1.0477380738142097,1.0625334627409557,0.12647506697202968,0.0,0.11698265342700373,0.056827929308580764,0.46440991083699495,0.12236588406599923,1.9172584056412436,2.153270153510987,0.16627547012015165,0.058853170214179684,7.923870903669619,6.046585090157615
8,8.0,logn30,0.97,1.0726602413207396,1.093645601344544,0.19525151695780696,0.0,0.10747860170704437,0.03700933220604379,0.31670769463175646,0.11685643523462674,2.7308155860992835,3.1574856467024706,0.24976385621291808,0.08562700863004868,10.085203908527893,7.297718558082189
8,8.0,logn30,0.99,1.131973020467338,1.1675644470266344,0.3516016427661587,0.0,0.10122656503902466,0.015339431638535782,0.12442132293673587,0.12328619626022926,6.6184041121871395,8.037207581440574,0.42719627984936526,0.1435162294067457,14.153044468882152,9.316934033174363
8,8.0,logn30,0.995,1.1704240076563488,1.2159629450150617,0.4448493869741896,-1.3499900586467348e-16,0.10236933823481954,0.008970619777641988,0.0659845317890792,0.1359503437308117,12.180742867734008,15.15506699655789,0.5256841884699195,0.17760651827460616,16.32024363802029,10.214335314902385
8,8.0,logn30,0.999,1.257697756853643,1.328166640634108,0.6264913610714571,0.0,0.11248181245459725,0.0026728298715159027,0.014207974096518795,0.18812181478925932,54.110509242266176,70.38301120249233,0.7030219407698229,0.24708242971486682,20.47262087544073,11.582412340071782
8,8.0,logn30cv15,0.8,1.0369045586185401,1.037018977471256,0.0004432243220625261,0.0,0.25815111450416006,0.2000706554351783,0.7749528177694796,0.2581714019842329,1.2889849555719783,1.2904011406504283,0.0360185348113049,0.03569749278988654,1.4209202610732496,1.2723188014279678
8,8.0,logn30cv15,0.9,1.0897690430662166,1.090286029377926,0.0027443211019332514,0.0,0.18838404563707353,0.10024747369961257,0.531727679092618,0.1885316067628504,1.8723140544385464,1.880661923988006,0.0848926336793816,0.0828094893864133,3.05554198184801,2.6225969948013046
8,8.0,logn30cv15,0.95,1.1545102043144868,1.1558688074451475,0.00885680450144777,0.0,0.15339653601235473,0.05042421018146455,0.3276726647382143,0.15388592216488267,3.0204334104471413,3.051826128978212,0.14150330434968916,0.13484991241321587,4.860178327219347,3.998766739423049
8,8.0,logn30cv15,0.97,1.2056383880180381,1.207955185484621,0.016778621284963262,0.0,0.13808032419560323,0.03049630300573015,0.21939028246600642,0.13900480305209245,4.485287543419749,4.558087025367432,0.18448069629620456,0.17215471896930612,6.203528334657766,4.9476785790722015
8,8.0,logn30cv15,0.99,1.3174363293378073,1.3229225107674007,0.04580682312097385,1.46873903124889e-16,0.11976777815620827,0.010475019432121434,0.08566808701939466,0.12227446411579102,11.309315320800383,11.67295821340807,0.27571970225032505,0.24409782745331,8.998001355161325,6.713857339907215
8,8.0,logn30cv15,0.995,1.3865231525249517,1.394852597665832,0.07316149229614918,0.0,0.11385012633645532,0.0053925497875445755,0.04574092203306948,0.11789333375584131,20.94011976223259,21.86226152758851,0.3315376623780023,0.28307836851476953,10.665544881574611,7.633189260607339
8,8.0,logn30cv15,0.999,1.538661304768498,1.5562553260257255,0.16197791522769894,0.0,0.10861987717581616,0.0011930543825037162,0.010083412012006035,0.11831851967202967,92.23477040615816,99.17277988932015,0.4553563658388168,0.3574319179657093,14.262267497030624,9.283861238464894
8,16.0,exp30,0.8,1.0723915257900474,1.0758649643243183,0.011304719851997404,0.0,0.3072556047160463,0.20182516103800313,0.6550771053417388,0.30809374864767336,1.4953718083905851,1.5265378561479763,0.07804635119657866,0.07051532194095045,2.1717456916146367,1.7041541860420732
8,16.0,exp30,0.9,1.1555265507983852,1.1656687533883028,0.04039423721836204,0.0,0.2510804334561677,0.10377258944840138,0.4075634992676066,0.2546169851688907,2.3325964707098255,2.4536053935080164,0.1695510915620071,0.14212335443216229,4.665796702959647,3.3551492304530335
8,16.0,exp30,0.95,1.250290755645722,1.2708044390598816,0.09097144670942331,2.8217526960802744e-16,0.22549584684174157,0.05472989506854546,0.23358229693800978,0.23430669098639006,3.926905708683331,4.281146358730213,0.272946273348152,0.21309686269290817,7.5087231525313625,4.962117809341293
8,16.0,exp30,0.97,1.3229361016413026,1.3533687634767528,0.14039651213427584,0.0,0.2167622355628344,0.034729630096862904,0.15006522670117312,0.23143023110890626,5.946592389140349,6.6637689622214324,0.3502305313164744,0.2611030880962274,9.68808373033252,6.0312374370969035
8,16.0,exp30,0.99,1.4790921924052327,1.536915460351631,0.2699273995568939,0.0,0.2142178528053084,0.013646807170935797,0.05485888683669707,0.2487620139205406,15.35301160640404,18.22858715629397,0.5064049393324865,0.34934612488626415,14.372766763447725,7.9315380513243205
8,16.0,exp30,0.995,1.574879624447097,1.6538584142319752,0.35901740652236575,0.0,0.21998596265821446,0.0077787365816673415,0.028400970398446544,0.27388981688079284,28.660579873491983,35.210064514369414,0.592995817885022,0.3953533196102622,17.246389850427363,8.868787890155001
8,16.0,exp30,0.999,1.7857132977141985,1.9237221129759765,0.5567171320590891,0.0,0.2478975539181538,0.0022530654676274865,0.005941759839102156,0.37919160798123763,127.66617315509518,168.3003061515703,0.7517614566076569,0.48017440083744145,23.571400216202505,10.446926833283369
8,16.0,logn30,0.8,1.0184820599094373,1.0297375908162711,0.04317786463013297,1.1432383826462624e-16,0.2606782665898411,0.20715555815076434,0.7882446894864951,0.262806157673852,1.1799568551894906,1.2686415948472216,0.06054100211156732,0.028878804737718533,3.3199871690046683,2.457615360051848
8,16.0,logn30,0.9,1.0563817692693427,1.0831864292077513,0.12947120288197037,0.0,0.20703182902258604,0.11318924173732062,0.5237798163663349,0.21610080839418097,1.6591112723285057,1.9091991878140524,0.17593352853851285,0.07679788720081504,7.047640030472162,4.616251587700145
8,16.0,logn30,0.95,1.1085833018549114,1.1537169139116958,0.23946465581980372,1.2808830817242443e-16,0.1884771341401938,0.06472418133589136,0.3085365644196575,0.209777993274912,2.6659422289398913,3.241106939402635,0.3139574239413061,0.13323624890833574,10.882544744929604,6.49083857266798
8,16.0,logn30,0.97,1.1520651400356934,1.211924140103371,0.32364817626803516,0.0,0.18495083382797806,0.043727860016275676,0.1996729692104043,0.21899739453565034,3.987438291607902,5.0081891602776505,0.41292223831109887,0.17486584604651423,13.557852685610749,7.63206942494707
8,16.0,logn30,0.99,1.251379008486636,1.345786566633515,0.49180986037660285,0.0,0.1919594659500856,0.019489059341506715,0.07295783547580713,0.26712770759172677,10.337968529669839,13.70654698674004,0.593895905095948,0.25694012349855744,18.712393409909282,9.478053003677873
8,16.0,logn30,0.995,1.3149999531695884,1.4329776268682197,0.5825676664406011,0.0,0.20251325381557267,0.011894982292126348,0.0375883417719432,0.3164540315264728,19.540079143072393,26.603993495302962,0.6825609517679085,0.3021523984393909,21.574437564735945,10.310060233867052
8,16.0,logn30,0.999,1.460371262159723,1.6375340174434918,0.7439909119783178,0.0,0.23812489162358474,0.003894791187945958,0.00776036331371131,0.5018825833920031,90.21214880116578,128.85994631632246,0.8246958875080341,0.3893256632548031,27.368059815783887,11.604836748848602
8,16.0,logn30cv15,0.8,1.0681169916354223,1.0705066226389077,0.007893848250930199,0.0,0.3027206664637678,0.20127088659298306,0.6636029714070376,0.3033001587775117,1.4863991450884155,1.5069251391079512,0.07116340296203916,0.06586285516394252,2.162332804812451,1.6904030649951678
8,16.0,logn30cv15,0.9,1.152069335308645,1.158729209279523,0.026921323295948374,0.0,0.24738286070358823,0.10248301112765806,0.4103930260151173,0.24971918290805212,2.3598206621673836,2.4366885804808094,0.15536448468758235,0.13698559422543388,4.507714576302401,3.2684129577984122
8,16.0,logn30cv15,0.95,1.2505177575315338,1.263737859732976,0.059667159634482235,0.0,0.22156412811382062,0.05300446254021802,0.23331526071764133,0.2271795782975557,4.061234232502533,4.286046257429352,0.2480451919197909,0.20869665152605577,7.090471648034193,4.784009143419082
8,16.0,logn30cv15,0.97,1.3273259486868663,1.3468671719718028,0.09224337590695586,0.0,0.2118441903584213,0.03294804332167972,0.14909804015374714,0.220982403844506,6.247341072981886,6.706996275529969,0.3161011995651146,0.25753628805429385,9.033620002012526,5.790379454818004
8,16.0,logn30cv15,0.99,1.4954664848318286,1.5328564488611447,0.18224418923577818,0.0,0.20516409431821628,0.01220139051314918,0.0540567198026511,0.2257145930736032,16.595788071153862,18.49908769253432,0.4531767718912255,0.3476231901930784,13.163751781178847,7.59157623202891
8,16.0,logn30cv15,0.995,1.6003269483175022,1.6518848357568332,0.2489323594095173,0.0,0.2071160517725756,0.006646172355741804,0.027896486782029616,0.23824406304894066,31.415437313404585,35.846807801051895,0.5306786270267371,0.39463092199049266,15.692383651689394,8.493132728414974
8,16.0,logn30cv15,0.999,1.834821491696509,1.927343513686258,0.4146829668680429,0.0,0.2231150767742783,0.0017072653324484031,0.005815953733418318,0.29354864407508974,143.12980349370332,171.9408451023291,0.6809951072729363,0.4811511321677223,21.30773921225713,10.047338915783193
16,8.0,exp30,0.8,1.0171416155721529,1.0171419865513767,1.594998303478568e-06,1.1292544527823097e-16,0.23258910244739242,0.1999998929917144,0.8598841134929632,0.23258935693007318,1.1629384757696772,1.1629474068754073,0.016854300628347696,0.01685309109055355,0.5142476355535238,0.4869454001597634
16,8.0,exp30,0.9,1.0497546674251566,1.049762032720866,4.7492694021209526e-05,0.0,0.1550827103271953,0.10000411871062416,0.6448358597849806,0.15508461136756627,1.550560633371986,1.5507822414427266,0.04744171344465897,0.047403155353112014,1.4926393107073626,1.3859182309012592
16,8.0,exp30,0.95,1.091863815382817,1.0919084772890364,0.0003851857202644641,0.0,0.11594901853749627,0.050018233789162175,0.43133050218225466,0.11596266328511921,2.3165808271638277,2.31840779852258,0.0844876437916744,0.08417232689430576,2.7559142218517954,2.508544475207322
16,8.0,exp30,0.97,1.1254639105858606,1.1255786852831366,0.0011633931470504644,0.0,0.09865512579908278,0.030033854438247475,0.30431062476457127,0.09869472832729075,3.279957623251276,3.286115957251398,0.11251120763791977,0.11156810885375645,3.7639174322523954,3.37534332597432
16,8.0,exp30,0.99,1.1983364899630982,1.1988201972715309,0.006264894361391285,0.0,0.07720917233875013,0.010062398305370047,0.1299962888006701,0.07740527362899746,7.641305284425239,7.692527296170363,0.17073784036300943,0.1658465529059635,5.950095372072025,5.159602938790901
16,8.0,exp30,0.995,1.242510739615546,1.24344543292243,0.013447724945845833,0.0,0.06950568297969642,0.005067804522522343,0.07249179668974225,0.0699086621374836,13.634922778181263,13.794664302223069,0.20600100779860453,0.1957829643961686,7.275323072672971,6.1682746967478455
16,8.0,exp30,0.999,1.3369884432330836,1.3398565313155644,0.04802005979671693,1.4875395707609366e-16,0.059726874448349426,0.0010503883847597859,0.017193044248938704,0.06109379872180719,56.522629856722794,58.16305626397289,0.28796696409639877,0.2536514345919324,10.109654420256124,8.103023966782954
16,8.0,logn30,0.8,1.0003238934091514,1.0003735457445313,0.0002462101408273251,0.0,0.2016664919367574,0.2000392001663901,0.9919259576764822,0.20166747186954162,1.0069111961363892,1.0081397631154152,0.0005699189569849938,0.0003734062602116506,0.7471087513649001,0.7405066362538113
16,8.0,logn30,0.9,1.0040622374530088,1.004806743931563,0.00664726825050538,0.0,0.11200187061770554,0.10060177671374744,0.8974769850300377,0.11209399058894016,1.0969338930763144,1.1142347009227551,0.010666177159177948,0.004783749671857462,2.546258814145478,2.4241672155434877
16,8.0,logn30,0.95,1.0150962309750708,1.0176253190398359,0.03339053206104975,1.1297910596395465e-16,0.07574267041150996,0.05163797535477423,0.6759273032197342,0.07639575307699543,1.4163967544620164,1.4794490402097495,0.04776568127885383,0.017320047673800465,5.011344029599051,4.511139767466847
16,8.0,logn30,0.97,1.0274057474332305,1.0317232582859701,0.0682085858861817,0.0,0.06329864190329519,0.03212547790122055,0.4960159566512152,0.06476702507336937,1.8896769956564374,2.0160641741273104,0.09306384897912467,0.03074783671996717,6.875012828890384,5.951261522340403
16,8.0,logn30,0.99,1.0602073721395964,1.0691372895435785,0.17170222476897046,0.0,0.05200816364492366,0.012047971090424818,0.21411237360557964,0.05626938269629671,4.210471117868884,4.670444697615274,0.21873984562147708,0.06466642798802014,10.417558587750282,8.391044027861788
16,8.0,logn30,0.995,1.0825262272807212,1.0947441427506992,0.2461696714178198,0.0,0.049632090742976614,0.0066219762587283685,0.1174431659296818,0.05638451762015021,7.522976435803658,8.51475683650032,0.30363781533886536,0.086544553243867,12.249820551462502,9.491729318141216
16,8.0,logn30,0.999,1.133825010588365,1.1545664279084964,0.41743736670691084,0.0,0.049687495596661156,0.001715323526095406,0.02641165138588025,0.06494571282325888,32.19745390577914,37.86207781519504,0.4861970517030779,0.13387400167913577,15.558320435298672,11.154863235549008
16,8.0,logn30cv15,0.8,1.0107456558918395,1.0107458377303364,8.132961860777013e-07,0.0,0.22358213408512476,0.199999577815061,0.8945229120623938,0.2235823980784864,1.1179102931718417,1.1179143502254407,0.01063221902105893,0.010631592363978482,0.5637957812451316,0.5342517353949467
16,8.0,logn30cv15,0.9,1.0373203074655821,1.0373230756241878,1.8794138696887908e-05,0.0,0.14728839934169763,0.10000144454232572,0.6789457339782732,0.14728930389821973,1.4727962503698497,1.472871762726181,0.035995729897072115,0.03598018447794482,1.5927530670028731,1.470291480035567
16,8.0,logn30cv15,0.95,1.0755435123265331,1.075557707418285,0.00012764630337262404,-1.1941089310888275e-16,0.11120644606817569,0.050005950488144234,0.4496498028354233,0.11121088049591997,2.2234203373227173,2.2239529378066045,0.07035620387521091,0.07024979403443654,2.840330792720623,2.5590031399976674
16,8.0,logn30cv15,0.97,1.107582182553159,1.1076161281897179,0.00035412844939617104,0.0,0.09585684690587976,0.030010244189586838,0.31303502558395335,0.09586864643534385,3.192827267169689,3.1945307019064177,0.09745219154189044,0.09716013106960131,3.7876956065351313,3.3557395742906144
16,8.0,logn30cv15,0.99,1.1797968589477439,1.179931270680214,0.0017423910212631911,0.0,0.07714211725721092,0.010017260017247958,0.12976240692614852,0.0771969344168305,7.6923896483452365,7.706392195461731,0.1538733118266824,0.1524930096788485,5.744119074714914,4.9195584806534
16,8.0,logn30cv15,0.995,1.2248910757347558,1.2251506016962865,0.0036896543199663417,0.0,0.07033882825455301,0.0050184144616386645,0.07123286086224344,0.07045083407984594,13.993457640546259,14.038464662171725,0.18661310755130456,0.18377381636555834,6.8871934727769535,5.7793756397853775
16,8.0,logn30cv15,0.999,1.323935775925884,1.3247736250197015,0.013720193758613662,0.0,0.06106685580088446,0.0010138953058260829,0.016497793305311394,0.06145641947760757,60.0979623487989,60.61416708851919,0.2550395387936102,0.24515405416142078,9.280012781229628,7.4350347644680035
16,16.0,exp30,0.8,1.027778131657119,1.027878420034531,0.0003993481704758249,0.0,0.2511301786920545,0.20006372786096352,0.7965974796193384,0.25114782933604796,1.2538467002389289,1.2553391462873564,0.027415916879028446,0.027122293348268545,0.8333436303616266,0.7552724020363355
16,16.0,exp30,0.9,1.0768036905518805,1.0774105899999966,0.0033181716738839503,0.0,0.18290176270648242,0.10029944879704329,0.5478635036502516,0.18307379142574362,1.8139376136808785,1.825272158735337,0.07440712074890898,0.07184873688683235,2.304110536628605,2.01005848306902
16,16.0,exp30,0.95,1.1379852511260564,1.1398249086284085,0.012382273564131829,0.0,0.14857186709886983,0.05059512273130977,0.33904115531487633,0.14923003280920502,2.901810689452672,2.9494944325306878,0.13213486250493722,0.12267226972313183,4.139557680923309,3.4595725204824777
16,16.0,exp30,0.97,1.1862283301713072,1.1895635237138358,0.024962264237005514,-1.320680813281334e-16,0.13360941583112615,0.030744406607775533,0.22784267306419506,0.13493699926489733,4.273871577528008,4.388993451276129,0.1780353655672796,0.15935552825461252,5.586850299702828,4.514383546348066
16,16.0,exp30,0.99,1.2908127839234933,1.299269527894555,0.0726629560702697,2.884957890124784e-16,0.1163831535133733,0.010775116473299352,0.08955769350555885,0.12031480547933651,10.57434010152062,11.16598653735907,0.2815867215762764,0.23033675574575851,8.72438432322847,6.536362279355061
16,16.0,exp30,0.995,1.3547219263007058,1.3678052184295384,0.11733208081012471,0.0,0.11150652096594936,0.005660878952620373,0.04793644457544997,0.11809133953834196,19.36404044650184,20.86095472571065,0.3484508502788115,0.2689017511220193,10.641658761224717,7.596255847840944
16,16.0,exp30,0.999,1.4935627461806606,1.5214940678480142,0.25444938651437643,1.6891977459554555e-16,0.10977162118555733,0.00134083227224401,0.01058164437482847,0.12671303483167237,83.53941527999073,94.50327043486682,0.5008240427848473,0.34275129878462807,14.806883564025732,9.466970039711322
16,16.0,logn30,0.8,1.002841378358399,1.004090686779076,0.005863148959236828,0.0,0.21307806255014003,0.20094241075093813,0.9425999715070664,0.21317888481331418,1.0434393349224493,1.060895427782753,0.008679864538382764,0.004074021234275027,1.351827044632747,1.2355159669597675
16,16.0,logn30,0.9,1.0163250660024796,1.0219741501089117,0.040537419384560465,0.0,0.13935480334457673,0.1037864654361464,0.7379606296167887,0.14063956974241443,1.275431086904105,1.355085840445559,0.055949112433778314,0.021501669202269147,3.983991592081855,3.2987740158743897
16,16.0,logn30,0.95,1.0415367620984168,1.053686008350306,0.10971966365683124,1.1698264671958846e-16,0.11072988967490931,0.05581810560514218,0.48511340267052666,0.11506197375266507,1.8534812404731495,2.0613736798345434,0.14522427941046223,0.05095067024222777,7.071036093186091,5.390581789130388
16,16.0,logn30,0.97,1.0650087975685814,1.0826752482924442,0.1744594509151199,1.2020109888460298e-16,0.10126393629691155,0.036110874735587856,0.3312600280344587,0.10901066135220966,2.6372696361633983,3.0187765361656527,0.22485095806758415,0.07636200090732437,9.276205789327637,6.723112340519895
16,16.0,logn30,0.99,1.121760035715572,1.1526627977766983,0.3254450527706157,-1.2797127777205412e-16,0.09495539046619852,0.014753404183530333,0.12985503303888396,0.1136144193896016,6.405511474339875,7.700895195187075,0.3986637732203707,0.1324435889413279,13.437666971336514,8.903139492705428
16,16.0,logn30,0.995,1.1588931772554345,1.198933395786982,0.4173717276395462,0.0,0.09593418978807171,0.00855116910921948,0.06867999967751333,0.12450741335718493,11.817870660252535,14.560279625735228,0.4972545496037263,0.16592531035170832,15.646244037453219,9.878513428367647
16,16.0,logn30,0.999,1.2437343908883933,1.306989902901448,0.6002303485896875,2.9021005663075705e-16,0.10538539439347087,0.0024976892756581512,0.014688740171778571,0.17004108224726813,52.80659115618336,68.07935795074495,0.6785731307753256,0.23488314807937516,19.8470042035607,11.367131620998855
16,16.0,logn30cv15,0.8,1.0226334230721557,1.0226950901692025,0.0002520709660315106,0.0,0.24464180868451824,0.20004005143670026,0.8176501252806407,0.24465238278785909,1.222154396646806,1.2230169960003021,0.022378981091226047,0.022191453139222217,0.8802872507972485,0.7901804377386773
16,16.0,logn30cv15,0.9,1.0679684188183232,1.068298245762572,0.0018538656600135626,0.0,0.17791307717866992,0.10016699807552229,0.5627104460059702,0.1780080657583164,1.7713483625057294,1.7771129132182313,0.0653786041310036,0.06393181495287403,2.347914656986351,2.0271343746478903
16,16.0,logn30cv15,0.95,1.1276736977482258,1.1286088440927582,0.006417579661754906,0.0,0.14571635940965974,0.05030664600808603,0.34442974513970687,0.1460577860012664,2.880261480118982,2.9033497080642148,0.11890964352342226,0.11395342572930289,4.081096959222161,3.389922613787555
16,16.0,logn30cv15,0.97,1.176126359885926,1.1777812431336872,0.012552796165035475,0.0,0.13183383415168518,0.030369755477550837,0.22920319323729868,0.13250145012643177,4.307529814778746,4.362940960271352,0.1604242218236328,0.15094589438414752,5.39764058538058,4.357181123714708
16,16.0,logn30cv15,0.99,1.2840256658468792,1.288176074071836,0.03599753710994068,0.0,0.11529700524458088,0.010369535037652991,0.08847980670073076,0.11719662852255472,11.00899145094285,11.302013841218542,0.24923427270104348,0.22370860620080546,8.160567011267224,6.191465339927376
16,16.0,logn30cv15,0.995,1.3515194225345986,1.357997249607032,0.05893544363343893,1.5076798138913628e-16,0.10991394436128597,0.005311463615929689,0.04698601327962996,0.11304350476213716,20.51878213080881,21.28292932725865,0.30369882912839163,0.2636214835564846,9.814689820820192,7.158703837597218
16,16.0,logn30cv15,0.999,1.5014868004962934,1.5158601600553678,0.13687742920718518,0.0,0.10500898243287561,0.0011583993148094203,0.010271723835946047,0.11277555095042423,91.31816145113842,97.35464231431926,0.42515473961707617,0.3403085414135598,13.38666384065116,8.912237937570756
32,8.0,exp30,0.8,1.005030780008311,1.0050307800105458,1.0466281970520305e-11,0.0,0.2135313146411761,0.20000660395227896,0.9365177121441015,0.21356414444567817,1.067785464105503,1.067785464207142,0.005005597956647234,0.005005597948446461,0.15092243532516578,0.14628263664316984
32,8.0,exp30,0.9,1.0221977094665993,1.022197710087536,4.714496249708852e-09,0.0,0.13170794981138237,0.099999721606927,0.7592511984982063,0.13170834870557432,1.3170871199190204,1.3170871537351447,0.0217156759162358,0.02171567189837975,0.665929897794477,0.6368247136390198
32,8.0,exp30,0.95,1.048627655298085,1.0486276714802685,1.7480078166005773e-07,-1.1642105851364587e-16,0.09257500571001037,0.049999892468709145,0.5401001310400294,0.09257522743500948,1.8515073637277166,1.851508530602236,0.046372828194239935,0.046372676215595376,1.458828688970855,1.376511456006692
32,8.0,exp30,0.97,1.0710873446192786,1.071087430586765,1.1310956296751312e-06,0.0,0.07600372966477276,0.029999954258095356,0.39471743909287477,0.07600362002509987,2.533449817423399,2.5334578636762632,0.06637038153053365,0.06636940043990802,2.132619831835185,1.9933017160361868
32,8.0,exp30,0.99,1.1213681516044451,1.1213692142108782,1.8946855662574203e-05,-1.2449699207227363e-16,0.05608352393577035,0.010000163327294791,0.17831118395842938,0.05608264779188602,5.607977893173332,5.608173182413141,0.1082491047087677,0.10823305354988577,3.641044873634887,3.339054161945767
32,8.0,exp30,0.995,1.1521630015069777,1.1521663532306017,6.84528140596541e-05,0.0,0.04896400053119713,0.005000329446330642,0.10212419310770794,0.048963221095484344,9.791001201352618,9.791999031466757,0.13212666447536103,0.13206977690672683,4.564890702695941,4.139941299726602
32,8.0,exp30,0.999,1.2177130722504408,1.2177370858815943,0.0006111816174274965,0.0,0.039290499695717615,0.0010006089654686567,0.025462740714449258,0.039296986003586186,39.2487948316962,39.273070060071554,0.1792903918362212,0.17880467664657018,6.531393199716424,5.783110708234266
32,8.0,logn30,0.8,1.0000062917422081,1.0000063334935565,2.08712936810169e-07,0.0,0.20004197639438465,0.1999996566191051,0.9997884074096811,0.20004198402067655,1.0002094696335662,1.0002116373712184,6.500414245880215e-06,6.333453443474468e-06,0.20055480049351876,0.2005066497461709
32,8.0,logn30,0.9,1.0003942112152744,1.0004091219031883,0.00014672031048043837,0.0,0.10162661096546081,0.10001306671475292,0.9841144619136801,0.10162747382074891,1.015416415149574,1.0161419618358511,0.0005407183685098849,0.00040895459090772857,1.1099755897292412,1.1044966521842996
32,8.0,logn30,0.95,1.003363476352832,1.003541866981975,0.0030893074587779253,0.0,0.05774453709226786,0.05014711607317797,0.8680140728194955,0.05777223854250358,1.1439048749916563,1.1520550545359085,0.006431152781308458,0.0035293664355298127,2.8752247901389976,2.8082670023153593
32,8.0,logn30,0.97,1.0083541424749574,1.0088143020569673,0.01072958104165851,0.0,0.042887003716486884,0.030315482705038668,0.7050129664561112,0.042999893828088734,1.3961794765076216,1.4184136286552291,0.018925616222268404,0.008737288952976985,4.454307166565432,4.266697688187613
32,8.0,logn30,0.99,1.0251374796121213,1.0265538531142957,0.04792879221447735,0.0,0.029551620992997917,0.010498121400221114,0.3488191059923025,0.030096176556489367,2.7629665620663495,2.8668154433664172,0.07127460782552231,0.025866984994247555,7.687257960339449,7.056413513923421
32,8.0,logn30,0.995,1.037746468204025,1.039937832096701,0.08364421005857063,0.0,0.0261986321724071,0.0054539019778170085,0.2007408073824727,0.027168875371840342,4.7412364799884354,4.981548161728242,0.11697527477272807,0.038404057304252226,9.369260574169964,8.390222192412947
32,8.0,logn30,0.999,1.0677347252168914,1.0721136505798783,0.18794181204688318,0.0,0.02329936758242252,0.0012311528916740405,0.04791889634680156,0.025692430033527183,19.352287879414668,20.868594150473307,0.23945698423533024,0.06726306538572069,12.273950295360654,10.437675490749786
32,8.0,logn30cv15,0.8,1.0020787826020339,1.0020787826028994,4.186898928054121e-12,0.0,0.20672337328191268,0.20003987763948847,0.9673072562942142,0.20680076194801617,1.0337976826465292,1.0337976826836106,0.0020744702335903087,0.0020744702302745166,0.17220736161031916,0.16824023333429616
32,8.0,logn30cv15,0.9,1.0129355165669842,1.0129355167154204,1.2125230042034541e-09,0.0,0.12241924626913053,0.09999987110124481,0.8168576222268917,0.12242019708236092,1.22420354161886,1.2242035488067446,0.012770327002994186,0.012770325950624661,0.7612859891160527,0.7303636390806506
32,8.0,logn30cv15,0.95,1.0336159017919293,1.0336159043768902,3.0390056818762376e-08,0.0,0.08505943004334465,0.0499998476648998,0.5878179349374127,0.085060092067833,1.7012068619048073,1.7012070244275106,0.03252265384434194,0.03252262686220497,1.6210512939217996,1.5278499557523755
32,8.0,logn30cv15,0.97,1.0528916088497775,1.0528916199340435,1.5780923597133862e-07,0.0,0.07023838548681549,0.029999901601467517,0.4271168949200493,0.07023815250174804,2.341278519929921,2.341279429340268,0.050234768911107563,0.050234629027968825,2.3095607818747883,2.150410415203516
32,8.0,logn30cv15,0.99,1.098930586812176,1.0989306905921679,1.9460055839211353e-06,0.0,0.05332975033110499,0.009999980265545237,0.1875174571966855,0.05332826295237324,5.332819462477997,5.332836819300018,0.09002618910148619,0.09002450421951413,3.7453549737835985,3.4053385892037817
32,8.0,logn30cv15,0.995,1.1283999663873199,1.1284002659315535,6.30423609176051e-06,0.0,0.04751475504399882,0.005000012949272074,0.10523586207285791,0.04751244348443135,9.502380488227685,9.502464086887699,0.11379499685250505,0.11378964522447399,4.571999511305963,4.100801376155484
32,8.0,logn30cv15,0.999,1.1934177069614054,1.1934197233796116,5.077600461316339e-05,-1.32496205493783e-16,0.039712029757801595,0.0010000471176320215,0.025184652115488974,0.03970859367229362,39.70467733570567,39.706722785540705,0.1621129650058697,0.16207183406678727,6.249919330651833,5.448711777175449
32,16.0,exp30,0.8,1.0084192308727173,1.0084193834957078,6.878008413781118e-07,0.0,0.2218999763975704,0.19999974591033784,0.9013047203666349,0.22190025347807063,1.1094985952341787,1.109502676956155,0.008349621284266862,0.008349089310959013,0.2525764964971026,0.23936548334410473
32,16.0,exp30,0.9,1.0348451530426592,1.0348490649160476,2.6506501646872767e-05,-1.1489132588816093e-16,0.14758165526433317,0.10000222717004713,0.6776007991072944,0.1475828058375892,1.4756702835081277,1.4757951899074655,0.033697466178177704,0.03367550505432859,1.0453540071772698,0.9729468241327247
32,16.0,exp30,0.95,1.0735124818918804,1.0735388205040286,0.00023603574295320696,0.0,0.11158738849734988,0.0500111433653816,0.4481461964881238,0.11159559928722262,2.2302787142941485,2.231414676363321,0.06869833269648129,0.0685013146236313,2.205374148119655,2.015853261644972
32,16.0,exp30,0.97,1.105645944162886,1.1057173308447152,0.000745397179427147,0.0,0.0957699918907896,0.030021667151599814,0.3133950618133159,0.09579495917355332,3.186813877363146,3.1908607436695444,0.09622550682159314,0.09560972582744287,3.1693783137420724,2.857942906288847
32,16.0,exp30,0.99,1.1769314293385957,1.1772597550270432,0.004324054005429909,1.3070208859955947e-16,0.07593006193612406,0.010042980602515253,0.1320333285831624,0.07606398104391944,7.53686738811446,7.573845261123904,0.15400683406499438,0.15056979079606048,5.307943432329876,4.641460316077727
32,16.0,exp30,0.995,1.2206867216910728,1.2213491886610977,0.009651415182619758,1.3559699903588048e-16,0.06863936091131888,0.005048475971429052,0.07324545017797593,0.06892545488029604,13.531974352165586,13.652725153168475,0.18869553734032174,0.18123333663794516,6.620602443412558,5.670101666366777
32,16.0,exp30,0.999,1.3149420192106531,1.3171363294481113,0.037139998160396696,0.0,0.059082131021698445,0.001038531571321318,0.017274455214551735,0.060119497745229906,56.547860509506755,57.88894570507877,0.26775478479454273,0.24077714839206832,9.448261661515179,7.6764612804086845
32,16.0,logn30,0.8,1.0001700881702693,1.0001960501652767,0.0001291512070405874,0.0,0.2010201499643296,0.20002046508983418,0.9950248873984664,0.20102056503611274,1.0042627040499283,1.0049999881053642,0.0002991884888872143,0.00019601173714312026,0.3929739334731723,0.38941515797145265
32,16.0,logn30,0.9,1.003082942719486,1.0036348470071947,0.005018769829058263,0.0,0.10996804127441787,0.10045366075900965,0.9129587208316924,0.11003089018909616,1.081288690598611,1.0953397751532667,0.008076812199177663,0.003621682744509691,1.9521486769783891,1.8563833955936426
32,16.0,logn30,0.95,1.0129164417108738,1.0149924743100163,0.02832605114624665,0.0,0.07329057581743258,0.05138266129759003,0.696121791503277,0.07381274645436545,1.381478896756565,1.4365302339415307,0.040716579530942765,0.01477102016959031,4.371832378224904,3.932454015039063
32,16.0,logn30,0.97,1.024384555302335,1.028042485962537,0.06011084790004363,0.0,0.060853087054847224,0.03185751417651789,0.5131786762303437,0.06207879565560597,1.8361547897963948,1.9486390341580428,0.08248406593502455,0.0272775554954634,6.263967715715448,5.424402766770888
32,16.0,logn30,0.99,1.0556722213685124,1.0634876341179942,0.15735848244924427,1.1807084578019313e-16,0.049666294614926054,0.011845315552923738,0.22203229908174688,0.053349515371917046,4.086125735738967,4.503849233357819,0.2017962578778436,0.059697576239941874,9.900535192011807,8.000886873492135
32,16.0,logn30,0.995,1.0772128919091548,1.0880292745204907,0.22862776791862383,-1.207955152038854e-16,0.04731001273294934,0.006472359487937822,0.12167292592615674,0.05319473858848348,7.310367811509153,8.218755260368273,0.28391849199440533,0.0809070827246684,11.78182787494171,9.173854501174697
32,16.0,logn30,0.999,1.1270756246801783,1.1457664205354348,0.39541518790256125,-1.2720562609207894e-16,0.047268785891608864,0.001652945647605155,0.027249742139621985,0.06065912987858038,31.427231846265023,36.69759496718209,0.46358097109145124,0.1272217599703407,15.157907845885877,10.950558130847787
32,16.0,logn30cv15,0.8,1.0053749143150184,1.0053749961952365,3.798708092478302e-07,0.0,0.2155475392367574,0.1999995060045651,0.9278660362552154,0.2155478249982565,1.077739725263795,1.0777417869888966,0.00534655690060637,0.0053462600677135486,0.28412425256566304,0.2694341257479417
32,16.0,logn30cv15,0.9,1.0264398283670249,1.0264414475380321,1.156126558430634e-05,0.0,0.14005136336199006,0.10000079124143589,0.7140259125907039,0.14005204780118202,1.4004625228107972,1.4005093966011608,0.025770034347450288,0.02576030771307325,1.1456774546472857,1.0601223655834393
32,16.0,logn30cv15,0.95,1.0607160932883215,1.0607251248095693,8.51994509846808e-05,0.0,0.10600445358953965,0.050003932299574595,0.4717028274652253,0.10600727701438459,2.119625948489778,2.1199788124520444,0.05732098638271499,0.057248690908938915,2.326427261456788,2.1048181783011963
32,16.0,logn30cv15,0.97,1.0906626046915002,1.090684971571579,0.00024347472840087811,0.0,0.09186530456623494,0.03000702114743116,0.32661417187693287,0.09187299183924483,3.0605516160180652,3.0617165025429354,0.08334940524124312,0.08314497213701455,3.2553722754087637,2.8997370470471746
32,16.0,logn30cv15,0.99,1.1598713235297502,1.1599647700071625,0.001248586251880464,0.0,0.07484182792461157,0.01001235643173066,0.13371227599598717,0.07487985943812026,7.468617762747806,7.47874488375331,0.1389118831658902,0.13790485206389036,5.202160158197806,4.489002836636775
32,16.0,logn30cv15,0.995,1.203753478535773,1.2039389812022336,0.002701377614022097,0.0,0.06866965414152576,0.005013466153241335,0.07292342379577951,0.06874973626144378,13.679446209502874,13.713014940171737,0.17150924988472138,0.1693931207365541,6.344835535088586,5.370180182974267
32,16.0,logn30cv15,0.999,1.3011606298901752,1.3017932350356736,0.01051442616921066,0.0,0.06016544653200365,0.0010106137339289346,0.016715582988384433,0.06045937701551926,59.415350942203766,59.824416575533,0.23953618707760393,0.2318288549313312,8.736812469993147,7.07458057372172
64,8.0,exp30,0.8,1.0009644585867732,1.0009644585867732,0.0,0.0,nan,nan,0.9806080379179025,nan,1.0197754467965323,1.0197754467965323,0.000963529302663857,0.000963529302663857,0.02893305591273655,0.02843487228491489
64,8.0,exp30,0.9,1.0085596870151847,1.0085596870151847,0.0,0.0,nan,nan,0.8584838853392909,nan,1.1648442295509227,1.1648442295510055,0.008487040603929907,0.008487040603929907,0.256788606173116,0.25007548869456026
64,8.0,exp30,0.95,1.0241649107637292,1.024164910763732,3.445265938777474e-14,0.0,0.08378394920218227,0.044096815369569616,0.652671831368439,0.06756353384688449,1.5321635651146652,1.5321635651156074,0.023594745836140407,0.023594745836109432,0.7249453421658199,0.699287289424371
64,8.0,exp30,0.97,1.0388350569288172,1.0388350569288662,8.278664463551354e-13,0.0,0.05927508948391567,0.029858739268785715,0.4955293513025535,0.06025624756696799,2.018043930932998,2.018043930942516,0.037383275304990304,0.037383275304238905,1.165050249581015,1.11610466780861
64,8.0,exp30,0.99,1.0734857333316798,1.073485733335492,9.063918759343787e-11,0.0,0.042057545732337574,0.010015574921608698,0.23692825564554132,0.04227260650832879,4.220686962793966,4.220686963973006,0.06845524923209634,0.06845524915096857,2.204571754019171,2.0827776339109154
64,8.0,exp30,0.995,1.0951796533898777,1.0951796534170992,7.547191820668331e-10,0.0,0.03606845961730657,0.005000357393544429,0.1389455126222944,0.03598790129435314,7.197065808087725,7.1970658218979136,0.08690779987556474,0.08690779920913272,2.8553898891186953,2.675860519280234
64,8.0,exp30,0.999,1.1414246955367158,1.1414246963338266,2.8613007316161452e-08,0.0,0.02785833774776904,0.00099990548197161,0.03589494990039942,0.02785643899061365,27.859070781551768,27.859072175188416,0.12390193124674131,0.12390190679076096,4.2427417722204135,3.908765071021602
64,8.0,logn30,0.8,1.000000020408794,1.0000000204088282,1.7286172846203624e-13,0.0,0.1978163093860575,0.2031149605303269,0.999999007003377,0.20311516222299708,1.0000009929938278,1.000000992997609,2.040896651678281e-08,2.040882807197164e-08,0.035034742029206284,0.035034642835975544
64,8.0,logn30,0.9,1.0000112470655533,1.0000112555400085,8.468518407621236e-08,0.0,0.10007010352606384,0.0999997387745986,0.9992964053214483,0.10007014759793038,1.0007031991324418,1.00070409007258,1.1331623290145032e-05,1.1255413322919239e-05,0.3875135377968023,0.3874341343414046
64,8.0,logn30,0.95,1.0003937539016203,1.0003956547475292,3.697843083515618e-05,0.0,0.051404179841250425,0.05000164886272732,0.9726936204350011,0.051405342661100153,1.027891141781276,1.028072950198632,0.0004305627966747494,0.0003954982667625506,1.4046205349513783,1.4008365537608851
64,8.0,logn30,0.97,1.001747832505611,1.0017608202554973,0.00038230029445314895,-2.224355855630072e-16,0.033972638982135615,0.03001107069138289,0.8832820106145745,0.033976771099981574,1.1309487823424036,1.132141250453199,0.0021264161807428295,0.0017577252173308633,2.5949659693888947,2.5749633285126317
64,8.0,logn30,0.99,1.0091377166892221,1.0092309388275509,0.004880516192170289,0.0,0.019100876763465228,0.010048534702005596,0.5252569003609142,0.019130704794360725,1.8930314872358007,1.9038302958283473,0.013891298134593,0.009146507971977358,5.516139173882317,5.386247126869464
64,8.0,logn30,0.995,1.0158683403960715,1.0160504042095804,0.01168177548742609,0.0,0.015585286132642588,0.00505879223536515,0.323208178572215,0.01565180762972201,3.0644684270004103,3.093981112784769,0.02711977013946254,0.015796858249436774,7.1389220480932565,6.8946064426228295
64,8.0,logn30,0.999,1.0330752528728229,1.0335629398512176,0.039875794821656575,0.0,0.012230150660968848,0.0010414871602722046,0.08368342558271558,0.012445560790801554,11.717826636643155,11.949797621651681,0.07061542466690152,0.032473048865363396,9.895748333091632,9.319374631390161
64,8.0,logn30cv15,0.8,1.0002049703264637,1.0002049703264637,0.0,0.0,nan,nan,0.994858171443548,nan,1.0051684036016824,1.0051684036016824,0.0002049283222387288,0.0002049283222387288,0.03310328033852229,0.03284262414594469
64,8.0,logn30cv15,0.9,1.0033580281451915,1.0033580281451915,0.0,0.0,nan,nan,0.9228879321030985,nan,1.0835551806611847,1.0835551806611847,0.00334678953174794,0.00334678953174794,0.31011454621735596,0.30436078812580253
64,8.0,logn30cv15,0.95,1.0129634586849037,1.012963458684904,2.2492307098718274e-15,0.0,0.09872024419303992,0.47234566599540634,0.7334491132219026,0.6440060496091972,1.3634211044406197,1.3634211044406201,0.0127975580696027,0.012797558069601367,0.8732529893283199,0.8464711452219481
64,8.0,logn30cv15,0.97,1.0237141904935991,1.023714190493602,3.398287684115277e-14,0.0,0.08494218654642566,0.03345669573188667,0.5629775238435801,0.05942811980036065,1.776269846747102,1.7762698467476365,0.02316485471613816,0.023164854716107852,1.376055191030845,1.3220698827579154
64,8.0,logn30cv15,0.99,1.0521690432501865,1.0521690432502524,1.7747585927652225e-12,0.0,0.03715843266321814,0.011689810636151677,0.26572580177909033,0.04399200438153136,3.763277759669336,3.763277759648438,0.04958237802816334,0.049582378026535645,2.4673690737853513,2.3295617263909625
64,8.0,logn30cv15,0.995,1.071244341651534,1.0712443416519344,1.0798551080503391e-11,0.0,0.03707408704142266,0.00566242184262957,0.1530152562862054,0.03700560310168266,6.535296049770419,6.535296050019765,0.06650615447125308,0.0665061544615212,3.095149618222331,2.8932808904849034
64,8.0,logn30cv15,0.999,1.1139407486589479,1.113940748665879,2.637303667530582e-10,0.0,0.02628109317887065,0.0010092299277235782,0.037811412566415244,0.02669114585314366,26.447041559507188,26.447041570941366,0.10228618448499027,0.10228618425382285,4.334639880610418,3.968480787697243
64,16.0,exp30,0.8,1.00168102391408,1.0016810239147271,3.131754779333519e-12,0.0,0.20660556919122508,0.19994087341086297,0.9675377930415334,0.20664916125119273,1.033551358055541,1.033551358088472,0.0016782028181421271,0.0016782028156602236,0.0504303881835187,0.048891549699097425
64,16.0,exp30,0.9,1.013777536851161,1.0137775371252207,2.185546617448105e-09,0.0,0.12539639359042498,0.09999950060929959,0.797462797790534,0.12539707292473098,1.2539769759570119,1.2539769914917906,0.013590298202405648,0.013590296313222394,0.4133251640593436,0.39569876433788803
64,16.0,exp30,0.95,1.0370053209068542,1.03700532885308,8.946818131176261e-08,0.0,0.08881622251616635,0.04999987922429922,0.562957642043093,0.08881641439814021,1.776331989884123,1.7763325787190443,0.035684879941285774,0.03568480105498373,1.1101587243313327,1.049832789069849
64,16.0,exp30,0.97,1.058105652998873,1.058105697278007,6.015869559901492e-07,0.0,0.0736038796621634,0.02999993964557259,0.4075875474262616,0.07360367075738498,2.4534563603783175,2.453460627819878,0.05491536163817434,0.05491483263674368,1.7431689951901528,1.6340974543837323
64,16.0,exp30,0.99,1.1069871182976034,1.1069877152267507,1.0803902384839127e-05,-1.2290032494219346e-16,0.05525125329287005,0.010000082956909295,0.18099667293887933,0.05525009269251163,5.524849382476808,5.5249634358621025,0.09665688103447545,0.09664760841978792,3.2096137156664537,2.955546444014392
64,16.0,exp30,0.995,1.137450553718264,1.1374525307522583,4.068803624367307e-05,0.0,0.048590056852427864,0.005000190991497541,0.10290862110553868,0.048588650180916904,9.716743830857034,9.717358849599616,0.12087667574212979,0.12084243257285998,4.1235171388806116,3.7569079694709857
64,16.0,exp30,0.999,1.2028956289901225,1.2029112274907072,0.00039637274555433526,-1.3354997413402927e-16,0.03935311082734966,0.0010003941672542633,0.02541915483170323,0.039355917766650275,39.32381805873708,39.340411064839294,0.16900219506687186,0.16868345963815057,6.086869846473578,5.418275805940966
64,16.0,logn30,0.8,1.0000021954715128,1.0000022100372967,7.282257819728663e-08,0.0,0.20001741592950886,0.19999963690591763,0.9999110896656369,0.20001742052165464,1.0000880626796846,1.0000889182401136,2.268289110984867e-06,2.210032412741647e-06,0.06998789848979488,0.06997106809671694
64,16.0,logn30,0.9,1.0002659819182427,1.0002759793506,9.877131534671367e-05,0.0,0.10121797327702668,0.10000875031473858,0.9880472832493657,0.10121858742006998,1.0115686792803333,1.0120973125003954,0.00036465624162318466,0.00027590320701231796,0.7510076770799902,0.7472559533329272
64,16.0,logn30,0.95,1.0027829883095074,1.0029271465012009,0.0025355970748176283,0.0,0.05685374585937032,0.05012067365250622,0.8812375872805683,0.05687532440278084,1.1278005266172857,1.1347677566567755,0.0053038249016281735,0.0029186033216995755,2.4059182986083814,2.3495166033231687
64,16.0,logn30,0.97,1.0073420869681402,1.0077325122780905,0.009315879551483521,0.0,0.041909656280183,0.03027353220409754,0.7207364037961159,0.042003611923370265,1.3678013669188351,1.3874698082863635,0.016536553704174395,0.007673179324750201,3.9825652417453505,3.8152179634391663
64,16.0,logn30,0.99,1.0232731191117976,1.0245226427614198,0.04362063809378175,1.1374486272435422e-16,0.028645240056685242,0.010451325244880667,0.3588741694483974,0.029122534120928047,2.692443489470228,2.7864919939404835,0.06537233897402062,0.023935676712152465,7.289040752081288,6.700258800958115
64,16.0,logn30,0.995,1.035435251489439,1.0373895263907964,0.07710706958167655,0.0,0.025344951013698925,0.00541547946467575,0.20665721187885738,0.026205131751464394,4.61973485901016,4.838931053546781,0.10869083403257218,0.03604193549252355,9.020025732470053,8.096189996638616
64,16.0,logn30,0.999,1.0645957874098142,1.0685594089229455,0.17615538939301847,1.186339258966102e-16,0.02250071103012438,0.0012135606405558,0.04924168379398201,0.024644986666847352,18.90720221586963,20.30799767497419,0.22614327395431966,0.06416059636033611,11.999161317080562,10.245848133665003
64,16.0,logn30cv15,0.8,1.0007096896714207,1.0007096896717,1.3736539242856166e-12,0.0,0.2033496997003514,0.20023802901733728,0.984050349804558,0.20348351998158073,1.016208164739826,1.0162081647535717,0.0007091863705521728,0.0007091863694583811,0.058994916446542756,0.05764346356201299
64,16.0,logn30cv15,0.9,1.0082191427728098,1.008219142851405,6.684612568299648e-10,0.0,0.11757619398406076,0.09999986416150485,0.8505108840157596,0.11757623099347884,1.1757639030683245,1.1757639070747865,0.008152139840022055,0.008152139254328894,0.4899078362106314,0.470434692903097
64,16.0,logn30cv15,0.95,1.025952763491815,1.025952765011162,1.869855425691781e-08,0.0,0.08125477775778144,0.04999979287736215,0.6153420584646523,0.08125528263437293,1.6251122869811663,1.6251123846387368,0.025296273974680483,0.025296257192580995,1.2760803477279903,1.2052173605257286
64,16.0,logn30cv15,0.97,1.0436101582422708,1.0436101649379383,9.952823888798025e-08,0.0,0.06727404855898235,0.029999878374249906,0.4459366009258224,0.06727386429363784,2.2424706765475815,2.24247123452946,0.04178788163959779,0.04178779241818886,1.946208597082781,1.817398608124297
64,16.0,logn30cv15,0.99,1.0873146722685012,1.0873147371163854,1.256028273350209e-06,0.0,0.05162931882148895,0.009999972537565347,0.19369389766888515,0.05162771082576927,5.1627742398872405,5.162785260842213,0.08030419392263466,0.08030309360833998,3.379941270052395,3.086465499634983
64,16.0,logn30cv15,0.995,1.1158402583939369,1.1158404491441793,4.119161063071066e-06,0.0,0.046308032040886585,0.005000001281921547,0.10797841595401483,0.04630556243806092,9.261055835446179,9.261110113208865,0.10381806596738019,0.10381452763522359,4.212190454427653,3.796822447470916
64,16.0,logn30cv15,0.999,1.1795635507957427,1.1795648937754137,3.4291197602099e-05,0.0,0.03916397690770798,0.001000030451774697,0.025536927407107578,0.03916017130143711,39.15757909480716,39.15897884103611,0.1522578769682943,0.15222977109863178,5.901053904041867,5.174203605641367
128,8.0,exp30,0.8,1.0000844567242155,1.0000844567242155,0.0,0.0,nan,nan,0.9971567700787288,nan,1.0028513369277396,1.0028513369277396,8.444959187980938e-05,8.444959187980938e-05,0.002533468146604037,0.0025098439853499864
128,8.0,exp30,0.9,1.0026081007295342,1.0026081007295342,0.0,0.0,nan,nan,0.9333199601855301,nan,1.0714439234763766,1.0714439234763766,0.0026013162347644503,0.0026013162347644503,0.07824081652760415,0.07705368482200116
128,8.0,exp30,0.95,1.0109195091877632,1.0109195091877632,0.0,0.0,nan,nan,0.7618200129804833,nan,1.3126460095051593,1.3126460095051593,0.010801561438394613,0.010801561438394613,0.32758206184640215,0.32047188052776016
128,8.0,exp30,0.97,1.0200910463970487,1.0200910463970487,0.0,0.0,nan,nan,0.6036783508197714,nan,1.6565112839346308,1.6565112839346308,0.01969534628110936,0.01969534628110936,0.6027285454860712,0.586735948773877
128,8.0,exp30,0.99,1.0436801904050639,1.0436801904050639,0.0,0.0,nan,nan,0.3077646727499685,nan,3.249235823802335,3.249235823802335,0.04185208343190927,0.04185208343190927,1.3104045155809663,1.2627605254604564
128,8.0,exp30,0.995,1.05901065613694,1.05901065613694,0.0,0.0,nan,nan,0.18528754775655845,nan,5.397016756430164,5.397016756430164,0.05572243848064573,0.05572243848064573,1.7703193416052667,1.6958492733032964
128,8.0,exp30,0.999,1.0919893947538992,1.0919893947538992,0.0,0.0,nan,nan,0.04969889005537444,nan,20.12117371003259,20.12117371003259,0.08424019060609256,0.08424019060609256,2.7596825442602153,2.6107595430072887
128,8.0,logn30,0.8,1.0000000000073852,1.0000000000073852,0.0,0.0,nan,nan,0.9999999994826347,nan,1.0000000005173653,1.0000000005173653,7.385425604411466e-12,7.385425604411466e-12,0.002843573245506629,0.00284357322276151
128,8.0,logn30,0.9,1.0000000608300395,1.0000000608300428,3.164135812656191e-14,0.0,0.10526315149157518,0.09746588101071775,0.9999944735746145,0.09746641965161355,1.0000055264553687,1.000005526455927,6.083006753865305e-08,6.083003911694362e-08,0.10554620604974724,0.10554591196894825
128,8.0,logn30,0.95,1.000014837575241,1.000014837918541,6.854201985563297e-09,0.0,0.05008607213111018,0.04999980829988866,0.9982729803887509,0.050086308336641114,1.0017299353230955,1.001730007367901,1.484420919084517e-05,1.483769838017679e-05,0.5701580372905611,0.570058444154148
128,8.0,logn30,0.97,1.00018190702248,1.0001819295359191,7.336582444282996e-07,0.0,0.03068654824497134,0.02999990805242343,0.977569875011752,0.030688249320349383,1.022940395370786,1.0229447792547601,0.0001826074631443575,0.00018189644358401758,1.2877805771207254,1.28637949243948
128,8.0,logn30,0.99,1.0026406744584617,1.002641737319144,7.668428471048777e-05,0.0,0.013860215119271699,0.010000726011557763,0.7213137598757461,0.013864598969081769,1.3861457471076781,1.3863592456246232,0.002710201982021987,0.002634776930598548,3.704427037278382,3.680764695498003
128,8.0,logn30,0.995,1.0058650606397008,1.0058682976876887,0.0003142913278479205,0.0,0.010299514180190997,0.005001548316747358,0.4855575474025719,0.01030062933529198,2.0586551120776044,2.059488119069248,0.006143321017254566,0.005834061677040259,5.280098206810773,5.2245187786245335
128,8.0,logn30,0.999,1.0153887940445891,1.0154032328282185,0.002008609913643894,0.0,0.007188445865626131,0.001002007750030201,0.13952448819963095,0.007181590579257551,7.157190805189472,7.167200631972253,0.017133736417293544,0.0151695723730505,8.03545816453972,7.8752933417207025
128,8.0,logn30cv15,0.8,1.0000067125508438,1.0000067125508438,0.0,0.0,nan,nan,0.9997274997359675,nan,1.0002725745406669,1.0002725745406669,6.712505785655409e-06,6.712505785655409e-06,0.0028044059383788974,0.0027990200953082345
128,8.0,logn30cv15,0.9,1.000549054593381,1.000549054593381,0.0,0.0,nan,nan,0.980020460385198,nan,1.0203868596855101,1.0203868596855101,0.0005487532978620813,0.0005487532978620813,0.09611390876295994,0.09546301987223671
128,8.0,logn30cv15,0.95,1.004004700357906,1.004004700357906,0.0,0.0,nan,nan,0.8637814610853233,nan,1.1577002344360585,1.1577002344360585,0.00398872670265249,0.00398872670265249,0.4221945133743993,0.4161082576301531
128,8.0,logn30cv15,0.97,1.009263142129106,1.009263142129106,0.0,0.0,nan,nan,0.7104239005692052,nan,1.407610300271121,1.407610300271121,0.009178123863282206,0.009178123863282206,0.7768226933042491,0.7609291102794226
128,8.0,logn30cv15,0.99,1.0259076691993996,1.0259076691993996,0.0,0.0,nan,nan,0.3689811069966085,nan,2.7101658622569844,2.7101658622569844,0.025253412151229226,0.025253412151229226,1.6195475161125958,1.5667346917268348
128,8.0,logn30cv15,0.995,1.0379915703731033,1.0379915703731033,0.0,0.0,nan,nan,0.21973468604839394,nan,4.550942857422892,4.550942857422892,0.03660103940868065,0.03660103940868065,2.1157204314071856,2.032125308747928
128,8.0,logn30cv15,0.999,1.0658376923943547,1.0658376923943547,0.0,0.0,nan,nan,0.056508588642137925,nan,17.696424986525134,17.696424986525134,0.06177084265658894,0.06177084265658894,3.076817593441392,2.911511646120721
128,16.0,exp30,0.8,1.0001538424894056,1.0001538424894056,0.0,0.0,nan,nan,0.9949139182635851,nan,1.0051120822043496,1.0051120822043496,0.00015381882553500148,0.00015381882553500148,0.004615162137283438,0.0045358729499985475
128,16.0,exp30,0.9,1.004340773421131,1.004340773421131,0.0,0.0,nan,nan,0.8973030372712218,nan,1.1144507022299721,1.1144507022299721,0.00432201254395459,0.00432201254395459,0.13022213389058712,0.1268737656402213
128,16.0,exp30,0.95,1.0170515610158521,1.0170515610158535,1.4227341159411527e-14,0.0,0.09364136380949012,0.06571323776104569,0.6826102000490877,0.09626758837814046,1.4649649242403293,1.4649649242394682,0.016765680000367933,0.0167656800003555,0.5115452401190426,0.4940234738521271
128,16.0,exp30,0.97,1.0304281624972385,1.0304281624972613,3.468623375959131e-13,0.0,0.06593565177987688,0.03332749889784589,0.5139471436222943,0.06484616037157832,1.9457253774175656,1.9457253774230752,0.029529630113993344,0.029529630113678484,0.9128434726026461,0.8760203264252396
128,16.0,exp30,0.99,1.0637564742797876,1.063756474281442,3.9601288186757993e-11,0.0,0.04177779125502362,0.010041635506203747,0.24112589019045186,0.041644783553820876,4.147211230942346,4.147211231486407,0.05993521624632703,0.05993521621056097,1.9126937869653406,1.8119073089031335
128,16.0,exp30,0.995,1.085146369975172,1.0851463699874004,3.424511009448091e-10,0.0,0.03570857400864982,0.004994291893154767,0.14018971964416446,0.035625236328537445,7.133190662164392,7.133190668604249,0.07846533211881002,0.07846533181361393,2.5543912012275096,2.4012049666386543
128,16.0,exp30,0.999,1.1312988117315308,1.1312988121304464,1.428583513661099e-08,0.0,0.027923853483607312,0.0010000102046017574,0.03580512441627295,0.027929248142683907,27.92896241320109,27.928963138737593,0.11606025274295528,0.11606024042682972,3.938965171615845,3.6418649292985883
128,16.0,logn30,0.8,1.0000000033128849,1.0000000033128902,2.8088642616070903e-14,0.0,0.18972331952957122,0.20750988073546853,0.999999795722963,0.20750992312498076,1.00000020427631,1.0000002042770786,3.3129130549980346e-09,3.3128904064483322e-09,0.005687064494080325,0.005687048392401917
128,16.0,logn30,0.9,1.0000061120336812,1.0000061166365073,4.600863422087241e-08,0.0,0.1000426593441422,0.09999974199416718,0.9995706184834003,0.10004269847976514,1.000429046741395,1.0004295659642848,6.158004677403461e-06,6.1165990945522e-06,0.21063110232633528,0.21058793458339298
128,16.0,logn30,0.95,1.0003047019580198,1.0003061608705923,2.85118699063423e-05,0.0,0.051168603719069145,0.050001246649134655,0.9771653971906734,0.05116968610727213,1.023221371840484,1.0233682065236607,0.0003331123279477488,0.0003060671648023039,1.0909612719871025,1.0880227445564516
128,16.0,logn30,0.97,1.0014960266903798,1.0015069215186867,0.0003243142783590831,0.0,0.033593427837883334,0.03000938207901859,0.8932092575502589,0.033597258229637224,1.1185198669240075,1.1195584814499442,0.0018176217580752052,0.0015046541230105959,2.241899995562271,2.224701003157085
128,16.0,logn30,0.99,1.0084510368895865,1.0085338085824762,0.004425768911535115,0.0,0.018702217522924627,0.010043990888837557,0.5362889392675635,0.018728692973894137,1.8548979787548219,1.8646664638762638,0.012768895395099622,0.00846159891701559,5.197949289204072,5.077635388789236
128,16.0,logn30,0.995,1.0149354518256184,1.0150988757103927,0.010733562813947297,0.0,0.0152255022500032,0.0050539678487960355,0.33065372524931536,0.015284775167693351,2.9974565381990805,3.024311911943507,0.025291277975752147,0.014874290644668053,6.8638746332268905,6.634093984123404
128,16.0,logn30,0.999,1.0316812949878518,1.0321241896002968,0.03710146569562417,0.0,0.011937388567840383,0.0010384895070241016,0.08560190271520704,0.012131617102941049,11.469059507208701,11.681983323746275,0.0666705512813277,0.03112434523285068,9.694789004208443,9.145089733450545
128,16.0,logn30cv15,0.8,1.00003312058119,1.00003312058119,0.0,0.0,nan,nan,0.9987392366329308,nan,1.0012623548978807,1.0012623548978807,3.3119484253552045e-05,3.3119484253552045e-05,0.005352923458040428,0.005310820155921365
128,16.0,logn30cv15,0.9,1.0017599857847037,1.0017599857847037,0.0,0.0,nan,nan,0.946621779963464,nan,1.0563881173731247,1.0563881173731247,0.001756893676807425,0.001756893676807425,0.16382287757706482,0.1608206665299208
128,16.0,logn30cv15,0.95,1.0094004885377967,1.0094004885377974,1.2327256297867977e-15,0.0,0.5403747587289988,0.1896051785014031,0.7632406004793109,0.2484212427671328,1.3102028369194205,1.3102028369193222,0.009312942330170215,0.009312942330169549,0.6442356607402442,0.6250225802944983
128,16.0,logn30cv15,0.97,1.0189503437865666,1.0189503437865683,1.9910213534139543e-14,0.0,0.08921837208598371,0.06859354135564011,0.5868638452404746,0.11688152526679006,1.7039727495753323,1.7039727495740307,0.018597907054198726,0.018597907054181295,1.1236225124970092,1.0811038983204257
128,16.0,logn30cv15,0.99,1.0456242449285895,1.0456242449286393,1.0310901625238658e-12,1.1608761118260694e-16,0.048243687900124455,0.01098622943252293,0.2751146539688136,0.039933276087024815,3.6348481826161803,3.6348481826539043,0.04363349946302819,0.0436334994620875,2.211713594305412,2.0934936722032145
128,16.0,logn30cv15,0.995,1.0639702827311295,1.0639702827313429,6.24441177166265e-12,0.0,0.034172132321782935,0.005646650572764547,0.15747443647608103,0.03585756964192866,6.350237043905092,6.350237044041691,0.06012412543437473,0.06012412542869472,2.8470675254985576,2.6695061761786163
128,16.0,logn30cv15,0.999,1.1056429020048837,1.1056429020090286,1.5356115862001958e-10,-1.2275102068237993e-16,0.026991873232162525,0.0010254933877997111,0.03845552445599372,0.026666997845087942,26.004066097054427,26.004066103541017,0.09554884489999504,0.09554884476449688,4.102600163688538,3.7702332222088417
