c,S,patience,display,min_step,monotone,dominated_by,max_excess_over_dominating,ordered
1,8.0,exp30,H,-4.711786516509164e-13,True,,0.0,True
1,8.0,exp30,O*1.5,-5.322409180053e-13,True,H,-1.241229341530925e-13,True
1,8.0,exp30,O*2,2.0043966486582576e-12,True,H|O*1.5,4.627409566637652e-13,True
1,8.0,exp30,O*3,2.5336216458171634e-09,True,H|O*1.5|O*2,-3.493405564825025e-11,True
1,8.0,exp30,O-M5,6.969524661615267e-06,True,H|O-M10|O-M15|O-M30,-8.789099673611744e-07,True
1,8.0,exp30,O-M10,4.5461562292459234e-09,True,H|O-M15|O-M30,-9.492262531551887e-11,True
1,8.0,exp30,O-M15,9.3084429053647e-12,True,H|O-M30,-8.324452238639424e-13,True
1,8.0,exp30,O-M30,-1.1812772982011666e-13,True,H,-4.2521541843143495e-13,True
1,8.0,logn30,H,-2.391420395042587e-13,True,,0.0,True
1,8.0,logn30,O*1.5,1.4033219031261979e-13,True,H,2.531308496145357e-14,True
1,8.0,logn30,O*2,1.0591527654923993e-12,True,H|O*1.5,-2.3159252293680765e-13,True
1,8.0,logn30,O*3,5.51910517287979e-10,True,H|O*1.5|O*2,-7.260081424931286e-12,True
1,8.0,logn30,O-M5,3.1834294866861512e-06,True,H|O-M10|O-M15|O-M30,-3.307876006442001e-07,True
1,8.0,logn30,O-M10,2.2674462307747945e-10,True,H|O-M15|O-M30,-3.047451180293592e-12,True
1,8.0,logn30,O-M15,1.1588507931037384e-12,True,H|O-M30,4.340972026284362e-13,True
1,8.0,logn30,O-M30,-6.041833700010102e-13,True,H,3.745892485085278e-13,True
1,8.0,logn30cv15,H,1.9384494009955233e-13,True,,0.0,True
1,8.0,logn30cv15,O*1.5,8.675282714420973e-13,True,H,-6.532552276894421e-13,True
1,8.0,logn30cv15,O*2,9.978906589935832e-12,True,H|O*1.5,-5.45785638905727e-13,True
1,8.0,logn30cv15,O*3,1.315509123855918e-08,True,H|O*1.5|O*2,-2.421134404073655e-10,True
1,8.0,logn30cv15,O-M5,5.179770954710783e-06,True,H|O-M10|O-M15|O-M30,-6.070459700469044e-07,True
1,8.0,logn30cv15,O-M10,3.6808140979616155e-09,True,H|O-M15|O-M30,-7.38150651713454e-11,True
1,8.0,logn30cv15,O-M15,1.3505085938447792e-11,True,H|O-M30,-8.801848139228241e-13,True
1,8.0,logn30cv15,O-M30,4.3076653355456074e-13,True,H,-2.1294077612310502e-13,True
1,16.0,exp30,H,2.468691917556498e-12,True,,0.0,True
1,16.0,exp30,O*1.5,2.533975140828204e-09,True,H,-3.563138673001731e-11,True
1,16.0,exp30,O*2,1.4814797055784368e-07,True,H|O*1.5,-5.724444362975589e-09,True
1,16.0,exp30,O*3,8.594092292035782e-06,True,H|O*1.5|O*2,-1.001802861333445e-06,True
1,16.0,exp30,O-M5,0.0004621814365927124,True,H|O-M10|O-M15|O-M30,-0.00020154805931360542,True
1,16.0,exp30,O-M10,1.3985549586537083e-05,True,H|O-M15|O-M30,-2.0607647700510157e-06,True
1,16.0,exp30,O-M15,6.735709258132161e-07,True,H|O-M30,-4.594769464905113e-08,True
1,16.0,exp30,O-M30,1.0533242056354197e-09,True,H,-1.591027309899573e-11,True
1,16.0,logn30,H,1.9342305535019477e-12,True,,0.0,True
1,16.0,logn30,O*1.5,5.517308832025947e-10,True,H,-8.599565504141538e-12,True
1,16.0,logn30,O*2,5.0377570670612215e-08,True,H|O*1.5,-1.7637945548543144e-09,True
1,16.0,logn30,O*3,4.5111559022759096e-06,True,H|O*1.5|O*2,-4.905357311457692e-07,True
1,16.0,logn30,O-M5,0.0003218570597603998,True,H|O-M10|O-M15|O-M30,-0.00012500828159911492,True
1,16.0,logn30,O-M10,3.268761247232632e-06,True,H|O-M15|O-M30,-3.406245875359204e-07,True
1,16.0,logn30,O-M15,3.6509023249031713e-08,True,H|O-M30,-1.2791435688441766e-09,True
1,16.0,logn30,O-M30,3.844480289671992e-12,True,H,-1.9024781749976682e-12,True
1,16.0,logn30cv15,H,1.0041301123919766e-11,True,,0.0,True
1,16.0,logn30cv15,O*1.5,1.3155584066559811e-08,True,H,-2.4177948532155824e-10,True
1,16.0,logn30cv15,O*2,4.829099573555595e-07,True,H|O*1.5,-2.3393178505415335e-08,True
1,16.0,logn30cv15,O*3,1.7653233371328625e-05,True,H|O*1.5|O*2,-2.3970733433742453e-06,True
1,16.0,logn30cv15,O-M5,0.0004029818257311746,True,H|O-M10|O-M15|O-M30,-0.00016756218017810465,True
1,16.0,logn30cv15,O-M10,1.2609306309196988e-05,True,H|O-M15|O-M30,-1.7959929564659305e-06,True
1,16.0,logn30cv15,O-M15,7.928246898991631e-07,True,H|O-M30,-5.630231281195108e-08,True
1,16.0,logn30cv15,O-M30,4.047569390763783e-09,True,H,-7.510103650076871e-11,True
2,8.0,exp30,H,-6.554756737386924e-13,True,,0.0,True
2,8.0,exp30,O*1.5,-8.837375276016246e-14,True,H,7.605027718682322e-13,True
2,8.0,exp30,O*2,-4.072298054325074e-13,True,H|O*1.5,3.8702374638432957e-13,True
2,8.0,exp30,O*3,2.537969834293108e-13,True,H|O*1.5|O*2,2.4846791291111003e-13,True
2,8.0,exp30,O-M5,5.708018502303958e-10,True,H|O-M10|O-M15|O-M30,-9.304557124778512e-12,True
2,8.0,exp30,O-M10,3.268496584496461e-13,True,H|O-M15|O-M30,1.8607337892717624e-13,True
2,8.0,exp30,O-M15,-5.617728504603292e-14,True,H|O-M30,1.887379141862766e-13,True
2,8.0,exp30,O-M30,-1.9384494009955233e-13,True,H,2.544631172440859e-13,True
2,8.0,logn30,H,2.1538326677728037e-14,True,,0.0,True
2,8.0,logn30,O*1.5,-3.623767952376511e-13,True,H,1.9984014443252818e-13,True
2,8.0,logn30,O*2,-1.674216321134736e-13,True,H|O*1.5,6.104006189389111e-13,True
2,8.0,logn30,O*3,-8.504308368628699e-14,True,H|O*1.5|O*2,-1.822986206434507e-13,True
2,8.0,logn30,O-M5,1.1404877042764383e-10,True,H|O-M10|O-M15|O-M30,-1.719180353632055e-12,True
2,8.0,logn30,O-M10,1.0724754417879012e-13,True,H|O-M15|O-M30,6.683542608243442e-14,True
2,8.0,logn30,O-M15,-3.304023721284466e-13,True,H|O-M30,-9.747758156208874e-14,True
2,8.0,logn30,O-M30,-1.9162449405030202e-13,True,H,-3.419486915845482e-14,True
2,8.0,logn30cv15,H,-4.2366110619695974e-13,True,,0.0,True
2,8.0,logn30cv15,O*1.5,-5.488942633746774e-13,True,H,4.596323321948148e-14,True
2,8.0,logn30cv15,O*2,-4.1611158962950867e-13,True,H|O*1.5,-4.702904732312163e-13,True
2,8.0,logn30cv15,O*3,5.284661597215745e-13,True,H|O*1.5|O*2,1.056932319443149e-13,True
2,8.0,logn30cv15,O-M5,3.1016422763485707e-10,True,H|O-M10|O-M15|O-M30,-4.589439939195472e-12,True
2,8.0,logn30cv15,O-M10,-2.2515322939398175e-13,True,H|O-M15|O-M30,1.1102230246251565e-13,True
2,8.0,logn30cv15,O-M15,-1.5121237595394632e-13,True,H|O-M30,-5.617728504603292e-14,True
2,8.0,logn30cv15,O-M30,-1.0487166690609229e-12,True,H,7.684963776455334e-13,True
2,16.0,exp30,H,-4.729550084903167e-13,True,,0.0,True
2,16.0,exp30,O*1.5,-5.322409180053e-13,True,H,-1.241229341530925e-13,True
2,16.0,exp30,O*2,1.644906433284632e-12,True,H|O*1.5,4.634070904785403e-13,True
2,16.0,exp30,O*3,1.3436115553489003e-09,True,H|O*1.5|O*2,-1.865962939717747e-11,True
2,16.0,exp30,O-M5,3.7005039479343083e-06,True,H|O-M10|O-M15|O-M30,-4.614279460746218e-07,True
2,16.0,exp30,O-M10,2.4111593832643052e-09,True,H|O-M15|O-M30,-4.980482692928945e-11,True
2,16.0,exp30,O-M15,4.908518036472742e-12,True,H|O-M30,-8.095746295566641e-13,True
2,16.0,exp30,O-M30,-1.1812772982011666e-13,True,H,-4.2521541843143495e-13,True
2,16.0,logn30,H,-2.391420395042587e-13,True,,0.0,True
2,16.0,logn30,O*1.5,1.4033219031261979e-13,True,H,2.531308496145357e-14,True
2,16.0,logn30,O*2,1.0254019855437946e-12,True,H|O*1.5,-2.3159252293680765e-13,True
2,16.0,logn30,O*3,2.9266988832432617e-10,True,H|O*1.5|O*2,-4.151345933678385e-12,True
2,16.0,logn30,O-M5,1.689884130073871e-06,True,H|O-M10|O-M15|O-M30,-1.7366381299677158e-07,True
2,16.0,logn30,O-M10,1.2025114237701473e-10,True,H|O-M15|O-M30,-1.876609978523902e-12,True
2,16.0,logn30,O-M15,1.1461942506230116e-12,True,H|O-M30,4.340972026284362e-13,True
2,16.0,logn30,O-M30,-6.041833700010102e-13,True,H,3.745892485085278e-13,True
2,16.0,logn30cv15,H,1.9384494009955233e-13,True,,0.0,True
2,16.0,logn30cv15,O*1.5,8.637535131583718e-13,True,H,-6.532552276894421e-13,True
2,16.0,logn30cv15,O*2,5.260569757581379e-12,True,H|O*1.5,-5.322409180053e-13,True
2,16.0,logn30cv15,O*3,6.977285305076464e-09,True,H|O*1.5|O*2,-1.2717316089094766e-10,True
2,16.0,logn30cv15,O-M5,2.7499814244658083e-06,True,H|O-M10|O-M15|O-M30,-3.186993610126976e-07,True
2,16.0,logn30cv15,O-M10,1.952203620980697e-09,True,H|O-M15|O-M30,-3.889144561952662e-11,True
2,16.0,logn30cv15,O-M15,7.330691609297446e-12,True,H|O-M30,-8.455458555545192e-13,True
2,16.0,logn30cv15,O-M30,4.3076653355456074e-13,True,H,-2.1294077612310502e-13,True
4,8.0,exp30,H,-1.0902390101819037e-12,True,,0.0,True
4,8.0,exp30,O*1.5,-5.633271626948044e-13,True,H,-2.020605904817785e-14,True
4,8.0,exp30,O*2,-2.937650123158164e-13,True,H|O*1.5,2.802202914153895e-13,True
4,8.0,exp30,O*3,-2.615685446016869e-13,True,H|O*1.5|O*2,1.1679546219056647e-13,True
4,8.0,exp30,O-M5,2.398081733190338e-14,True,H|O-M10|O-M15|O-M30,-5.486722187697524e-13,True
4,8.0,exp30,O-M10,-1.1324274851176597e-14,True,H|O-M15|O-M30,1.5654144647214707e-13,True
4,8.0,exp30,O-M15,-2.844391389089651e-13,True,H|O-M30,1.9895196601282805e-13,True
4,8.0,exp30,O-M30,-4.971578704271451e-13,True,H,5.440092820663267e-13,True
4,8.0,logn30,H,-4.1100456371623295e-13,True,,0.0,True
4,8.0,logn30,O*1.5,-1.467714838554457e-13,True,H,2.5091040356528538e-14,True
4,8.0,logn30,O*2,7.771561172376096e-15,True,H|O*1.5,3.6615155352137663e-13,True
4,8.0,logn30,O*3,6.616929226765933e-14,True,H|O*1.5|O*2,8.482103908136196e-14,True
4,8.0,logn30,O-M5,-2.34035013590983e-13,True,H|O-M10|O-M15|O-M30,2.1382895454280515e-13,True
4,8.0,logn30,O-M10,-1.8851586958135158e-13,True,H|O-M15|O-M30,1.949551631241775e-13,True
4,8.0,logn30,O-M15,-4.9649173661237e-13,True,H|O-M30,8.453238109495942e-13,True
4,8.0,logn30,O-M30,-6.614708780716683e-13,True,H,4.0456527017340704e-13,True
4,8.0,logn30cv15,H,-2.680078381445128e-13,True,,0.0,True
4,8.0,logn30cv15,O*1.5,-3.7969627442180354e-13,True,H,2.573496971081113e-13,True
4,8.0,logn30cv15,O*2,-1.5232259897857148e-13,True,H|O*1.5,5.617728504603292e-14,True
4,8.0,logn30cv15,O*3,-1.3278267374516872e-13,True,H|O*1.5|O*2,2.702282841937631e-13,True
4,8.0,logn30cv15,O-M5,-3.0819791163594346e-13,True,H|O-M10|O-M15|O-M30,-2.0827783941967937e-13,True
4,8.0,logn30cv15,O-M10,-1.3145040611561853e-13,True,H|O-M15|O-M30,1.6342482922482304e-13,True
4,8.0,logn30cv15,O-M15,-2.453592884421596e-13,True,H|O-M30,2.7333690866271354e-13,True
4,8.0,logn30cv15,O-M30,-4.594102875898898e-13,True,H,2.4513724383723456e-13,True
4,16.0,exp30,H,-6.554756737386924e-13,True,,0.0,True
4,16.0,exp30,O*1.5,-8.837375276016246e-14,True,H,7.605027718682322e-13,True
4,16.0,exp30,O*2,-4.072298054325074e-13,True,H|O*1.5,3.8702374638432957e-13,True
4,16.0,exp30,O*3,2.5357493882438575e-13,True,H|O*1.5|O*2,2.4868995751603507e-13,True
4,16.0,exp30,O-M5,2.946698440808859e-10,True,H|O-M10|O-M15|O-M30,-5.113909296028396e-12,True
4,16.0,exp30,O-M10,3.2662761384472105e-13,True,H|O-M15|O-M30,1.8607337892717624e-13,True
4,16.0,exp30,O-M15,-5.617728504603292e-14,True,H|O-M30,1.887379141862766e-13,True
4,16.0,exp30,O-M30,-1.9384494009955233e-13,True,H,2.544631172440859e-13,True
4,16.0,logn30,H,2.1538326677728037e-14,True,,0.0,True
4,16.0,logn30,O*1.5,-3.623767952376511e-13,True,H,1.9984014443252818e-13,True
4,16.0,logn30,O*2,-1.674216321134736e-13,True,H|O*1.5,6.104006189389111e-13,True
4,16.0,logn30,O*3,-8.482103908136196e-14,True,H|O*1.5|O*2,-1.7918999617450027e-13,True
4,16.0,logn30,O-M5,5.897315968894645e-11,True,H|O-M10|O-M15|O-M30,-1.127764548414234e-12,True
4,16.0,logn30,O-M10,1.0680345496894006e-13,True,H|O-M15|O-M30,6.683542608243442e-14,True
4,16.0,logn30,O-M15,-3.304023721284466e-13,True,H|O-M30,-9.57012247226885e-14,True
4,16.0,logn30,O-M30,-1.9162449405030202e-13,True,H,-3.419486915845482e-14,True
4,16.0,logn30cv15,H,-4.2366110619695974e-13,True,,0.0,True
4,16.0,logn30cv15,O*1.5,-5.488942633746774e-13,True,H,4.596323321948148e-14,True
4,16.0,logn30cv15,O*2,-4.1611158962950867e-13,True,H|O*1.5,-4.702904732312163e-13,True
4,16.0,logn30cv15,O*3,5.262457136723242e-13,True,H|O*1.5|O*2,1.056932319443149e-13,True
4,16.0,logn30cv15,O-M5,1.601073718049406e-10,True,H|O-M10|O-M15|O-M30,-2.592037695592353e-12,True
4,16.0,logn30cv15,O-M10,-2.2515322939398175e-13,True,H|O-M15|O-M30,1.1102230246251565e-13,True
4,16.0,logn30cv15,O-M15,-1.5121237595394632e-13,True,H|O-M30,-5.617728504603292e-14,True
4,16.0,logn30cv15,O-M30,-1.0487166690609229e-12,True,H,7.684963776455334e-13,True
8,8.0,exp30,H,-1.1242118347354335e-12,True,,0.0,True
8,8.0,exp30,O*1.5,-1.2261303083960229e-12,True,H,1.9615420399077266e-12,True
8,8.0,exp30,O*2,-2.0228263508670352e-13,True,H|O*1.5,2.653433028854124e-13,True
8,8.0,exp30,O*3,-2.0583534876550402e-13,True,H|O*1.5|O*2,2.757793993168889e-13,True
8,8.0,exp30,O-M5,-1.0258460747536446e-13,True,H|O-M10|O-M15|O-M30,-8.948397578478762e-14,True
8,8.0,exp30,O-M10,-5.371258993136507e-13,True,H|O-M15|O-M30,3.703704010149522e-13,True
8,8.0,exp30,O-M15,-3.610445276081009e-13,True,H|O-M30,2.1604940059205546e-13,True
8,8.0,exp30,O-M30,-7.8026474170656e-13,True,H,8.504308368628699e-14,True
8,8.0,logn30,H,-1.1222134332911082e-12,True,,0.0,True
8,8.0,logn30,O*1.5,-1.950883898871325e-12,True,H,1.5789591856218976e-12,True
8,8.0,logn30,O*2,-6.392664175791651e-13,True,H|O*1.5,1.5849543899548735e-12,True
8,8.0,logn30,O*3,-1.4659384817150567e-12,True,H|O*1.5|O*2,1.5547563236850692e-12,True
8,8.0,logn30,O-M5,-4.1944225870338414e-13,True,H|O-M10|O-M15|O-M30,1.1857181902996672e-13,True
8,8.0,logn30,O-M10,-2.3736568266485847e-13,True,H|O-M15|O-M30,1.729727472365994e-13,True
8,8.0,logn30,O-M15,-1.3700152123874432e-13,True,H|O-M30,7.096545573404001e-13,True
8,8.0,logn30,O-M30,-1.311395436687235e-12,True,H,1.6613377340490842e-12,True
8,8.0,logn30cv15,H,-1.814992600657206e-12,True,,0.0,True
8,8.0,logn30cv15,O*1.5,-2.8821389719269064e-13,True,H,9.914291609902648e-13,True
8,8.0,logn30cv15,O*2,-2.609024107869118e-13,True,H|O*1.5,2.1338486533295509e-13,True
8,8.0,logn30cv15,O*3,-5.617728504603292e-14,True,H|O*1.5|O*2,-1.199040866595169e-14,True
8,8.0,logn30cv15,O-M5,-1.2989609388114332e-13,True,H|O-M10|O-M15|O-M30,1.3011813848606835e-13,True
8,8.0,logn30cv15,O-M10,-8.033573806187633e-13,True,H|O-M15|O-M30,2.688960165642129e-13,True
8,8.0,logn30cv15,O-M15,-1.2789769243681803e-13,True,H|O-M30,1.4788170688007085e-13,True
8,8.0,logn30cv15,O-M30,-5.637712519046545e-13,True,H,2.255973186038318e-13,True
8,16.0,exp30,H,-1.0902390101819037e-12,True,,0.0,True
8,16.0,exp30,O*1.5,-5.633271626948044e-13,True,H,-2.020605904817785e-14,True
8,16.0,exp30,O*2,-2.937650123158164e-13,True,H|O*1.5,2.802202914153895e-13,True
8,16.0,exp30,O*3,-2.615685446016869e-13,True,H|O*1.5|O*2,1.170175067954915e-13,True
8,16.0,exp30,O-M5,2.398081733190338e-14,True,H|O-M10|O-M15|O-M30,-5.45785638905727e-13,True
8,16.0,exp30,O-M10,-1.1324274851176597e-14,True,H|O-M15|O-M30,1.5654144647214707e-13,True
8,16.0,exp30,O-M15,-2.844391389089651e-13,True,H|O-M30,1.9895196601282805e-13,True
8,16.0,exp30,O-M30,-4.971578704271451e-13,True,H,5.440092820663267e-13,True
8,16.0,logn30,H,-4.1100456371623295e-13,True,,0.0,True
8,16.0,logn30,O*1.5,-1.467714838554457e-13,True,H,6.217248937900877e-14,True
8,16.0,logn30,O*2,7.771561172376096e-15,True,H|O*1.5,3.6615155352137663e-13,True
8,16.0,logn30,O*3,6.616929226765933e-14,True,H|O*1.5|O*2,8.482103908136196e-14,True
8,16.0,logn30,O-M5,-2.3425705819590803e-13,True,H|O-M10|O-M15|O-M30,2.1405099914773018e-13,True
8,16.0,logn30,O-M10,-1.8851586958135158e-13,True,H|O-M15|O-M30,1.949551631241775e-13,True
8,16.0,logn30,O-M15,-4.9649173661237e-13,True,H|O-M30,8.453238109495942e-13,True
8,16.0,logn30,O-M30,-6.614708780716683e-13,True,H,4.0456527017340704e-13,True
8,16.0,logn30cv15,H,-2.680078381445128e-13,True,,0.0,True
8,16.0,logn30cv15,O*1.5,-3.7969627442180354e-13,True,H,2.573496971081113e-13,True
8,16.0,logn30cv15,O*2,-1.5232259897857148e-13,True,H|O*1.5,5.617728504603292e-14,True
8,16.0,logn30cv15,O*3,-1.3278267374516872e-13,True,H|O*1.5|O*2,2.702282841937631e-13,True
8,16.0,logn30cv15,O-M5,-3.0819791163594346e-13,True,H|O-M10|O-M15|O-M30,-2.0827783941967937e-13,True
8,16.0,logn30cv15,O-M10,-1.3145040611561853e-13,True,H|O-M15|O-M30,1.6342482922482304e-13,True
8,16.0,logn30cv15,O-M15,-2.453592884421596e-13,True,H|O-M30,2.7333690866271354e-13,True
8,16.0,logn30cv15,O-M30,-4.594102875898898e-13,True,H,2.4513724383723456e-13,True
16,8.0,exp30,H,-1.517674874662589e-12,True,,0.0,True
16,8.0,exp30,O*1.5,-1.383337888682945e-13,True,H,4.1255887595070817e-13,True
16,8.0,exp30,O*2,-7.900347043232614e-13,True,H|O*1.5,4.805045250577678e-13,True
16,8.0,exp30,O*3,-1.9539925233402755e-14,True,H|O*1.5|O*2,3.5837999234900053e-13,True
16,8.0,exp30,O-M5,-1.9340085088970227e-13,True,H|O-M10|O-M15|O-M30,1.2523315717771766e-13,True
16,8.0,exp30,O-M10,-2.3225865675158275e-13,True,H|O-M15|O-M30,3.510525203864745e-13,True
16,8.0,exp30,O-M15,-6.432632204678157e-13,True,H|O-M30,6.006306563222097e-13,True
16,8.0,exp30,O-M30,-4.374278717023117e-13,True,H,7.838174553853605e-13,True
16,8.0,logn30,H,-1.7137402608113916e-12,True,,0.0,True
16,8.0,logn30,O*1.5,-1.9269030815394217e-12,True,H,1.021405182655144e-12,True
16,8.0,logn30,O*2,-9.803269307440132e-13,True,H|O*1.5,7.355227538141662e-13,True
16,8.0,logn30,O*3,-1.1168843627729075e-12,True,H|O*1.5|O*2,6.999956170261612e-13,True
16,8.0,logn30,O-M5,-3.057554209817681e-13,True,H|O-M10|O-M15|O-M30,5.917488721252084e-13,True
16,8.0,logn30,O-M10,-6.965539256498232e-13,True,H|O-M15|O-M30,7.12652159506888e-13,True
16,8.0,logn30,O-M15,-1.8429702208777599e-13,True,H|O-M30,1.074584865534689e-12,True
16,8.0,logn30,O-M30,-1.4196421815881877e-12,True,H,4.958256027975949e-13,True
16,8.0,logn30cv15,H,-2.7919888623273437e-12,True,,0.0,True
16,8.0,logn30cv15,O*1.5,-1.2599921106470902e-12,True,H,6.084022174945858e-13,True
16,8.0,logn30cv15,O*2,-1.0476064460362977e-12,True,H|O*1.5,4.1044945220392037e-13,True
16,8.0,logn30cv15,O*3,-1.894040480010517e-13,True,H|O*1.5|O*2,1.2839729279789935e-12,True
16,8.0,logn30cv15,O-M5,-8.815170815523743e-14,True,H|O-M10|O-M15|O-M30,4.658495811327157e-13,True
16,8.0,logn30cv15,O-M10,-5.686562332130052e-13,True,H|O-M15|O-M30,3.6637359812630166e-13,True
16,8.0,logn30cv15,O-M15,-2.76445533131664e-13,True,H|O-M30,1.694200335577989e-13,True
16,8.0,logn30cv15,O-M30,-1.0729195309977513e-12,True,H,3.7325698087897763e-13,True
16,16.0,exp30,H,-1.1242118347354335e-12,True,,0.0,True
16,16.0,exp30,O*1.5,-1.2261303083960229e-12,True,H,1.9615420399077266e-12,True
16,16.0,exp30,O*2,-2.0228263508670352e-13,True,H|O*1.5,2.653433028854124e-13,True
16,16.0,exp30,O*3,-2.0583534876550402e-13,True,H|O*1.5|O*2,2.757793993168889e-13,True
16,16.0,exp30,O-M5,-1.0258460747536446e-13,True,H|O-M10|O-M15|O-M30,-8.948397578478762e-14,True
16,16.0,exp30,O-M10,-5.371258993136507e-13,True,H|O-M15|O-M30,3.703704010149522e-13,True
16,16.0,exp30,O-M15,-3.610445276081009e-13,True,H|O-M30,2.1604940059205546e-13,True
16,16.0,exp30,O-M30,-7.8026474170656e-13,True,H,8.504308368628699e-14,True
16,16.0,logn30,H,-1.1222134332911082e-12,True,,0.0,True
16,16.0,logn30,O*1.5,-1.950883898871325e-12,True,H,1.5789591856218976e-12,True
16,16.0,logn30,O*2,-6.392664175791651e-13,True,H|O*1.5,1.5849543899548735e-12,True
16,16.0,logn30,O*3,-1.4659384817150567e-12,True,H|O*1.5|O*2,1.5547563236850692e-12,True
16,16.0,logn30,O-M5,-4.1944225870338414e-13,True,H|O-M10|O-M15|O-M30,1.1857181902996672e-13,True
16,16.0,logn30,O-M10,-2.3736568266485847e-13,True,H|O-M15|O-M30,1.7319479184152442e-13,True
16,16.0,logn30,O-M15,-1.3700152123874432e-13,True,H|O-M30,7.096545573404001e-13,True
16,16.0,logn30,O-M30,-1.311395436687235e-12,True,H,1.6613377340490842e-12,True
16,16.0,logn30cv15,H,-1.814992600657206e-12,True,,0.0,True
16,16.0,logn30cv15,O*1.5,-2.8821389719269064e-13,True,H,9.914291609902648e-13,True
16,16.0,logn30cv15,O*2,-2.609024107869118e-13,True,H|O*1.5,2.1338486533295509e-13,True
16,16.0,logn30cv15,O*3,-5.617728504603292e-14,True,H|O*1.5|O*2,-1.199040866595169e-14,True
16,16.0,logn30cv15,O-M5,-1.2989609388114332e-13,True,H|O-M10|O-M15|O-M30,1.3011813848606835e-13,True
16,16.0,logn30cv15,O-M10,-8.033573806187633e-13,True,H|O-M15|O-M30,2.688960165642129e-13,True
16,16.0,logn30cv15,O-M15,-1.2789769243681803e-13,True,H|O-M30,1.4788170688007085e-13,True
16,16.0,logn30cv15,O-M30,-5.637712519046545e-13,True,H,2.255973186038318e-13,True
64,8.0,exp30,H,-6.391553952767026e-12,True,,0.0,True
64,8.0,exp30,O*1.5,-1.4839240947139842e-12,True,H,1.9895196601282805e-12,True
64,8.0,exp30,O*2,-4.135802811333633e-12,True,H|O*1.5,4.948708109964173e-12,True
64,8.0,exp30,O*3,-2.53541632133647e-12,True,H|O*1.5|O*2,2.2233326291143385e-12,True
64,8.0,exp30,O-M5,-4.869438186005937e-13,True,H|O-M10|O-M15|O-M30,1.3024026301877711e-12,True
64,8.0,exp30,O-M10,-2.16338058578458e-12,True,H|O-M15|O-M30,1.965316798191452e-12,True
64,8.0,exp30,O-M15,-6.941114349956479e-13,True,H|O-M30,1.3075096561010469e-12,True
64,8.0,exp30,O-M30,-2.1433965713413272e-12,True,H,5.311528994411674e-12,True
64,8.0,logn30,H,-2.6618707238412753e-12,True,,0.0,True
64,8.0,logn30,O*1.5,-2.894573469802708e-12,True,H,3.2092106749814775e-12,True
64,8.0,logn30,O*2,-3.422706562616895e-12,True,H|O*1.5,2.484790151413563e-12,True
64,8.0,logn30,O*3,-2.488009798184976e-12,True,H|O*1.5|O*2,1.2360112933151868e-12,True
64,8.0,logn30,O-M5,-2.070565940925917e-13,True,H|O-M10|O-M15|O-M30,1.2386758285742872e-12,True
64,8.0,logn30,O-M10,-1.709077324107966e-12,True,H|O-M15|O-M30,2.7579050154713514e-12,True
64,8.0,logn30,O-M15,-1.2067014054650826e-12,True,H|O-M30,7.724931805341839e-13,True
64,8.0,logn30,O-M30,-4.030997757809018e-12,True,H,1.3005152510459084e-12,True
64,8.0,logn30cv15,H,-1.085354028873553e-11,True,,0.0,True
64,8.0,logn30cv15,O*1.5,-2.4007462684494385e-12,True,H,6.262768081910508e-12,True
64,8.0,logn30cv15,O*2,-4.586331314726522e-12,True,H|O*1.5,4.037881140561694e-12,True
64,8.0,logn30cv15,O*3,-8.462119893692943e-13,True,H|O*1.5|O*2,2.2712942637781453e-12,True
64,8.0,logn30cv15,O-M5,-7.575051697017443e-13,True,H|O-M10|O-M15|O-M30,1.2243539515566226e-12,True
64,8.0,logn30cv15,O-M10,-1.325828336007362e-12,True,H|O-M15|O-M30,2.5059954111839033e-12,True
64,8.0,logn30cv15,O-M15,-7.482903185973555e-13,True,H|O-M30,2.738032023330561e-12,True
64,8.0,logn30cv15,O-M30,-2.339684002095055e-12,True,H,6.905587213168474e-13,True
64,16.0,exp30,H,-5.397016167307811e-12,True,,0.0,True
64,16.0,exp30,O*1.5,-2.3813173655184983e-12,True,H,1.4629408795485688e-12,True
64,16.0,exp30,O*2,-7.638334409421077e-13,True,H|O*1.5,1.88005166990024e-12,True
64,16.0,exp30,O*3,-1.1606271499431386e-12,True,H|O*1.5|O*2,2.330691195595591e-12,True
64,16.0,exp30,O-M5,-5.343503417520878e-13,True,H|O-M10|O-M15|O-M30,2.1824764218081327e-12,True
64,16.0,exp30,O-M10,-4.32764934998886e-13,True,H|O-M15|O-M30,2.9196645101592367e-12,True
64,16.0,exp30,O-M15,-1.0087486401744172e-12,True,H|O-M30,2.4289459332749175e-12,True
64,16.0,exp30,O-M30,-2.3372415114408795e-12,True,H,3.778977131219108e-12,True
64,16.0,logn30,H,-2.600031301369654e-12,True,,0.0,True
64,16.0,logn30,O*1.5,-1.3773426843499692e-12,True,H,3.878120047318134e-12,True
64,16.0,logn30,O*2,-3.0544455853487307e-12,True,H|O*1.5,1.6224799281872038e-12,True
64,16.0,logn30,O*3,-6.277200981230635e-13,True,H|O*1.5|O*2,1.0436096431476471e-12,True
64,16.0,logn30,O-M5,-8.124612094206896e-13,True,H|O-M10|O-M15|O-M30,1.269651050961329e-12,True
64,16.0,logn30,O-M10,-5.551115123125783e-13,True,H|O-M15|O-M30,1.0630385460785874e-12,True
64,16.0,logn30,O-M15,-6.499245586155666e-13,True,H|O-M30,1.673106098110111e-12,True
64,16.0,logn30,O-M30,-1.1769474284051284e-12,True,H,1.7718049249992873e-12,True
64,16.0,logn30cv15,H,-2.370104112969784e-12,True,,0.0,True
64,16.0,logn30cv15,O*1.5,-8.433254095052689e-13,True,H,1.3875567361765206e-12,True
64,16.0,logn30cv15,O*2,-8.988365607365267e-13,True,H|O*1.5,9.685585666829866e-13,True
64,16.0,logn30cv15,O*3,-9.995337890700284e-13,True,H|O*1.5|O*2,5.755396159656812e-13,True
64,16.0,logn30cv15,O-M5,-7.369660437461789e-13,True,H|O-M10|O-M15|O-M30,8.286704655802168e-13,True
64,16.0,logn30cv15,O-M10,-1.4273027204581012e-12,True,H|O-M15|O-M30,1.542654892716655e-12,True
64,16.0,logn30cv15,O-M15,-1.3564704914870163e-12,True,H|O-M30,1.1968204205459188e-12,True
64,16.0,logn30cv15,O-M30,-1.4380718837969653e-12,True,H,5.353495424742505e-13,True
