office,patience,plan_type,decile,predicted,observed,n
R4_S8_A0.6,exp30,lean,1,0.0,0.0013,26621
R4_S8_A0.6,exp30,lean,2,0.0,0.0013,26621
R4_S8_A0.6,exp30,lean,3,0.0,0.0013,26621
R4_S8_A0.6,exp30,lean,4,0.0,0.0012,26621
R4_S8_A0.6,exp30,lean,5,0.0022,0.0028,26621
R4_S8_A0.6,exp30,lean,6,0.0056,0.0068,26621
R4_S8_A0.6,exp30,lean,7,0.0132,0.0143,26621
R4_S8_A0.6,exp30,lean,8,0.0305,0.0308,26620
R4_S8_A0.6,exp30,lean,9,0.0764,0.0769,26620
R4_S8_A0.6,exp30,lean,10,0.2783,0.2753,26620
R4_S8_A0.6,exp30,safe,1,0.0,0.0007,22590
R4_S8_A0.6,exp30,safe,2,0.0,0.0007,22590
R4_S8_A0.6,exp30,safe,3,0.0,0.0009,22590
R4_S8_A0.6,exp30,safe,4,0.0,0.0013,22590
R4_S8_A0.6,exp30,safe,5,0.0,0.0009,22590
R4_S8_A0.6,exp30,safe,6,0.0009,0.0019,22590
R4_S8_A0.6,exp30,safe,7,0.0044,0.0055,22590
R4_S8_A0.6,exp30,safe,8,0.011,0.0107,22589
R4_S8_A0.6,exp30,safe,9,0.031,0.0323,22589
R4_S8_A0.6,exp30,safe,10,0.1533,0.148,22589
R4_S8_A0.6,logn30,lean,1,0.0,0.001,28475
R4_S8_A0.6,logn30,lean,2,0.0,0.0007,28475
R4_S8_A0.6,logn30,lean,3,0.0,0.0008,28475
R4_S8_A0.6,logn30,lean,4,0.0015,0.0026,28475
R4_S8_A0.6,logn30,lean,5,0.0065,0.006,28475
R4_S8_A0.6,logn30,lean,6,0.0194,0.02,28475
R4_S8_A0.6,logn30,lean,7,0.0523,0.0509,28475
R4_S8_A0.6,logn30,lean,8,0.1323,0.1326,28475
R4_S8_A0.6,logn30,lean,9,0.3132,0.3168,28475
R4_S8_A0.6,logn30,lean,10,0.6946,0.6905,28474
R4_S8_A0.6,logn30,safe,1,0.0,0.0005,24125
R4_S8_A0.6,logn30,safe,2,0.0,0.0011,24124
R4_S8_A0.6,logn30,safe,3,0.0,0.0007,24124
R4_S8_A0.6,logn30,safe,4,0.0,0.0007,24124
R4_S8_A0.6,logn30,safe,5,0.0008,0.0013,24124
R4_S8_A0.6,logn30,safe,6,0.0051,0.005,24124
R4_S8_A0.6,logn30,safe,7,0.0149,0.0139,24124
R4_S8_A0.6,logn30,safe,8,0.0439,0.0462,24124
R4_S8_A0.6,logn30,safe,9,0.1318,0.13,24124
R4_S8_A0.6,logn30,safe,10,0.4763,0.4762,24124
R4_S8_A0.6,logn30cv15,lean,1,0.0,0.0009,27032
R4_S8_A0.6,logn30cv15,lean,2,0.0,0.001,27032
R4_S8_A0.6,logn30cv15,lean,3,0.0,0.001,27032
R4_S8_A0.6,logn30cv15,lean,4,0.0,0.0011,27032
R4_S8_A0.6,logn30cv15,lean,5,0.002,0.0023,27032
R4_S8_A0.6,logn30cv15,lean,6,0.0053,0.0048,27032
R4_S8_A0.6,logn30cv15,lean,7,0.0118,0.0129,27032
R4_S8_A0.6,logn30cv15,lean,8,0.0265,0.0252,27032
R4_S8_A0.6,logn30cv15,lean,9,0.0628,0.0587,27032
R4_S8_A0.6,logn30cv15,lean,10,0.2216,0.2016,27032
R4_S8_A0.6,logn30cv15,safe,1,0.0,0.0005,23072
R4_S8_A0.6,logn30cv15,safe,2,0.0,0.0007,23071
R4_S8_A0.6,logn30cv15,safe,3,0.0,0.0006,23071
R4_S8_A0.6,logn30cv15,safe,4,0.0,0.001,23071
R4_S8_A0.6,logn30cv15,safe,5,0.0,0.0005,23071
R4_S8_A0.6,logn30cv15,safe,6,0.0007,0.0016,23071
R4_S8_A0.6,logn30cv15,safe,7,0.0041,0.0048,23071
R4_S8_A0.6,logn30cv15,safe,8,0.0103,0.0097,23071
R4_S8_A0.6,logn30cv15,safe,9,0.0269,0.0257,23071
R4_S8_A0.6,logn30cv15,safe,10,0.1238,0.123,23071
R16_S16_A0.6,exp30,lean,1,0.0,0.0004,64281
R16_S16_A0.6,exp30,lean,2,0.0,0.0005,64280
R16_S16_A0.6,exp30,lean,3,0.0,0.0002,64280
R16_S16_A0.6,exp30,lean,4,0.0,0.0007,64280
R16_S16_A0.6,exp30,lean,5,0.0,0.0004,64280
R16_S16_A0.6,exp30,lean,6,0.0015,0.0016,64280
R16_S16_A0.6,exp30,lean,7,0.0082,0.0081,64280
R16_S16_A0.6,exp30,lean,8,0.0298,0.0297,64280
R16_S16_A0.6,exp30,lean,9,0.1025,0.1038,64280
R16_S16_A0.6,exp30,lean,10,0.3986,0.4035,64280
R16_S16_A0.6,exp30,safe,1,0.0,0.0003,52297
R16_S16_A0.6,exp30,safe,2,0.0,0.0003,52297
R16_S16_A0.6,exp30,safe,3,0.0,0.0005,52297
R16_S16_A0.6,exp30,safe,4,0.0,0.0003,52297
R16_S16_A0.6,exp30,safe,5,0.0,0.0004,52297
R16_S16_A0.6,exp30,safe,6,0.0,0.0003,52297
R16_S16_A0.6,exp30,safe,7,0.0,0.0002,52297
R16_S16_A0.6,exp30,safe,8,0.0016,0.0018,52297
R16_S16_A0.6,exp30,safe,9,0.0101,0.0101,52296
R16_S16_A0.6,exp30,safe,10,0.1094,0.1111,52296
R16_S16_A0.6,logn30,lean,1,0.0,0.0004,53446
R16_S16_A0.6,logn30,lean,2,0.0,0.0005,53446
R16_S16_A0.6,logn30,lean,3,0.0,0.0003,53446
R16_S16_A0.6,logn30,lean,4,0.0,0.0004,53446
R16_S16_A0.6,logn30,lean,5,0.0,0.0004,53446
R16_S16_A0.6,logn30,lean,6,0.003,0.003,53446
R16_S16_A0.6,logn30,lean,7,0.0206,0.02,53446
R16_S16_A0.6,logn30,lean,8,0.096,0.0934,53446
R16_S16_A0.6,logn30,lean,9,0.3179,0.3119,53446
R16_S16_A0.6,logn30,lean,10,0.7526,0.753,53446
R16_S16_A0.6,logn30,safe,1,0.0,0.0005,52748
R16_S16_A0.6,logn30,safe,2,0.0,0.0004,52748
R16_S16_A0.6,logn30,safe,3,0.0,0.0002,52748
R16_S16_A0.6,logn30,safe,4,0.0,0.0002,52748
R16_S16_A0.6,logn30,safe,5,0.0,0.0005,52748
R16_S16_A0.6,logn30,safe,6,0.0,0.0004,52748
R16_S16_A0.6,logn30,safe,7,0.0052,0.0057,52748
R16_S16_A0.6,logn30,safe,8,0.0269,0.0273,52747
R16_S16_A0.6,logn30,safe,9,0.126,0.1246,52747
R16_S16_A0.6,logn30,safe,10,0.5476,0.5424,52747
R16_S16_A0.6,logn30cv15,lean,1,0.0,0.0004,66951
R16_S16_A0.6,logn30cv15,lean,2,0.0,0.0008,66951
R16_S16_A0.6,logn30cv15,lean,3,0.0,0.0006,66951
R16_S16_A0.6,logn30cv15,lean,4,0.0,0.0004,66951
R16_S16_A0.6,logn30cv15,lean,5,0.0,0.0005,66951
R16_S16_A0.6,logn30cv15,lean,6,0.0019,0.0024,66951
R16_S16_A0.6,logn30cv15,lean,7,0.0081,0.0085,66951
R16_S16_A0.6,logn30cv15,lean,8,0.0262,0.0254,66951
R16_S16_A0.6,logn30cv15,lean,9,0.0804,0.0812,66951
R16_S16_A0.6,logn30cv15,lean,10,0.3094,0.3124,66951
R16_S16_A0.6,logn30cv15,safe,1,0.0,0.0002,55399
R16_S16_A0.6,logn30cv15,safe,2,0.0,0.0005,55398
R16_S16_A0.6,logn30cv15,safe,3,0.0,0.0005,55398
R16_S16_A0.6,logn30cv15,safe,4,0.0,0.0002,55398
R16_S16_A0.6,logn30cv15,safe,5,0.0,0.0003,55398
R16_S16_A0.6,logn30cv15,safe,6,0.0,0.0004,55398
R16_S16_A0.6,logn30cv15,safe,7,0.0,0.0006,55398
R16_S16_A0.6,logn30cv15,safe,8,0.0019,0.002,55398
R16_S16_A0.6,logn30cv15,safe,9,0.0098,0.0088,55398
R16_S16_A0.6,logn30cv15,safe,10,0.0899,0.0889,55398
