office,patience,plan_type,timing,regime,d_visits,d_visits_low,d_visits_high,d_late_share,d_late_share_low,d_late_share_high,d_lost_min,d_lost_min_low,d_lost_min_high,d_kpi,d_kpi_low,d_kpi_high,d_R,d_R_low,d_R_high,eps,eps_low,eps_high,eps_defined_share,break_even_trip_min
R4_S8_A0.6,exp30,lean,profile,O-M15,0.01057,0.00961,0.01154,-0.03243,-0.03441,-0.02995,-1.06691,-1.11753,-1.00498,-0.02032,-0.02183,-0.01873,2.53734,2.30588,2.77033,0.326,0.3003,0.3523,1.0,100.92
R4_S8_A0.6,exp30,lean,profile,C0-M12.5,0.02591,0.02417,0.0276,-0.02157,-0.02306,-0.01971,-0.81624,-0.86592,-0.75469,0.00025,-0.00103,0.00164,6.21731,5.80013,6.62426,1.2009,1.1227,1.2927,1.0,31.51
R4_S8_A0.6,exp30,lean,profile,C0-M15,0.01367,0.01247,0.01471,-0.01551,-0.01671,-0.014,-0.49265,-0.52791,-0.44676,-0.00343,-0.00445,-0.00245,3.28009,2.99326,3.5298,0.8809,0.8031,0.9506,1.0,36.05
R4_S8_A0.6,exp30,lean,profile,T0.7,0.01262,0.01156,0.01356,-0.01412,-0.01525,-0.01287,-0.43864,-0.46862,-0.40031,-0.003,-0.00391,-0.00207,3.02889,2.77358,3.25453,0.8935,0.8222,0.9688,1.0,34.76
R4_S8_A0.6,exp30,lean,profile,B30,0.04384,0.04197,0.0456,-0.02129,-0.02278,-0.01933,-1.28733,-1.35511,-1.20309,0.0132,0.0115,0.01501,10.52268,10.07182,10.9439,2.0596,1.9072,2.2389,1.0,29.36
R4_S8_A0.6,exp30,lean,profile,B60,0.01276,0.01178,0.01386,-0.01434,-0.01551,-0.01296,-0.59382,-0.6359,-0.54597,-0.00308,-0.00436,-0.00179,3.06299,2.827,3.32658,0.8899,0.7931,0.9946,1.0,46.53
R4_S8_A0.6,exp30,safe,profile,O-M15,0.00368,0.00329,0.00411,-0.00994,-0.01084,-0.00924,-0.47199,-0.49736,-0.4514,-0.00604,-0.0067,-0.00548,0.88405,0.7895,0.98698,0.3704,0.3347,0.4036,1.0,128.13
R4_S8_A0.6,exp30,safe,profile,C0-M12.5,0.00998,0.00931,0.01063,-0.00557,-0.00618,-0.00504,-0.30511,-0.32804,-0.28382,0.00319,0.00265,0.00379,2.39529,2.23384,2.55149,1.793,1.6334,1.981,1.0,30.57
R4_S8_A0.6,exp30,safe,profile,C0-M15,0.00396,0.00357,0.00436,-0.00317,-0.0036,-0.00278,-0.13114,-0.14484,-0.11891,0.00039,-4e-05,0.0008,0.9494,0.85643,1.04535,1.2461,1.0881,1.4271,1.0,33.15
R4_S8_A0.6,exp30,safe,profile,T0.7,0.00283,0.0025,0.00315,-0.00244,-0.00282,-0.00213,-0.09052,-0.10208,-0.08111,0.00012,-0.00021,0.00047,0.67854,0.60116,0.75651,1.158,1.0072,1.3544,1.0,32.02
R4_S8_A0.6,exp30,safe,profile,B30,0.02423,0.02312,0.0254,-0.00642,-0.00719,-0.00584,-0.64581,-0.68378,-0.61362,0.01402,0.01313,0.01485,5.8142,5.54867,6.09708,3.7726,3.3935,4.1501,1.0,26.66
R4_S8_A0.6,exp30,safe,profile,B60,0.00295,0.00262,0.00332,-0.00255,-0.00298,-0.00222,-0.10927,-0.12136,-0.09865,0.00012,-0.00026,0.00048,0.70895,0.62868,0.79715,1.1562,0.9851,1.3555,1.0,36.99
R4_S8_A0.6,logn30,lean,profile,O-M15,0.01795,0.01702,0.01901,-0.06638,-0.06969,-0.063,-1.16335,-1.22556,-1.10256,-0.04783,-0.05051,-0.04517,4.30682,4.08428,4.56143,0.2703,0.2592,0.2803,1.0,64.83
R4_S8_A0.6,logn30,lean,profile,C0-M12.5,0.03667,0.03499,0.03867,-0.04603,-0.04858,-0.04336,-1.30252,-1.36878,-1.23055,-0.01199,-0.01418,-0.0098,8.80115,8.3968,9.27988,0.7966,0.7553,0.8396,1.0,35.52
R4_S8_A0.6,logn30,lean,profile,C0-M15,0.02144,0.02031,0.0227,-0.03379,-0.03593,-0.03167,-0.86603,-0.91636,-0.80831,-0.01365,-0.01527,-0.01197,5.1468,4.87535,5.44693,0.6347,0.6026,0.6707,1.0,40.38
R4_S8_A0.6,logn30,lean,profile,T0.7,0.02749,0.02608,0.02903,-0.04121,-0.04351,-0.03889,-1.0526,-1.1095,-0.9859,-0.0154,-0.01717,-0.01347,6.59817,6.26019,6.96733,0.6672,0.638,0.6994,1.0,38.29
R4_S8_A0.6,logn30,lean,profile,B30,0.04304,0.04125,0.0451,-0.04673,-0.04949,-0.04391,-1.61922,-1.69774,-1.53953,-0.00719,-0.00948,-0.00477,10.32896,9.90044,10.82491,0.9209,0.8755,0.9756,1.0,37.62
R4_S8_A0.6,logn30,lean,profile,B60,0.01042,0.00975,0.0111,-0.02506,-0.02685,-0.02329,-0.63149,-0.67293,-0.59026,-0.01501,-0.01653,-0.01359,2.50002,2.34031,2.66335,0.4156,0.3894,0.441,1.0,60.62
R4_S8_A0.6,logn30,safe,profile,O-M15,0.0084,0.00784,0.00886,-0.02847,-0.03024,-0.02648,-0.51788,-0.55178,-0.48122,-0.02,-0.02137,-0.01841,2.01569,1.88115,2.12545,0.295,0.2818,0.309,1.0,61.66
R4_S8_A0.6,logn30,safe,profile,C0-M12.5,0.01944,0.01856,0.02027,-0.01934,-0.0208,-0.01769,-0.65516,-0.69379,-0.60937,-0.00067,-0.00192,0.00054,4.66507,4.45412,4.86434,1.0049,0.9447,1.0728,1.0,33.71
R4_S8_A0.6,logn30,safe,profile,C0-M15,0.00904,0.00847,0.0095,-0.0125,-0.0136,-0.01137,-0.36554,-0.39361,-0.33657,-0.00375,-0.00468,-0.00281,2.1703,2.03328,2.28115,0.7232,0.6671,0.7818,1.0,40.42
R4_S8_A0.6,logn30,safe,profile,T0.7,0.01112,0.0105,0.01167,-0.01536,-0.01659,-0.01409,-0.4258,-0.45573,-0.39446,-0.00458,-0.00567,-0.00366,2.66839,2.52108,2.80007,0.7238,0.676,0.7676,1.0,38.3
R4_S8_A0.6,logn30,safe,profile,B30,0.0303,0.02903,0.03152,-0.02008,-0.02161,-0.01826,-0.92762,-0.97949,-0.86915,0.00863,0.00706,0.01011,7.27303,6.96672,7.56506,1.5093,1.4035,1.6284,1.0,30.61
R4_S8_A0.6,logn30,safe,profile,B60,0.00484,0.00442,0.0052,-0.00912,-0.01009,-0.00812,-0.24176,-0.26579,-0.21651,-0.00439,-0.00528,-0.00372,1.16249,1.05997,1.24714,0.5312,0.4812,0.5771,1.0,49.91
R4_S8_A0.6,logn30cv15,lean,profile,O-M15,0.00751,0.00678,0.00831,-0.02139,-0.02298,-0.02007,-1.04117,-1.09573,-0.99917,-0.01301,-0.01414,-0.01194,1.8026,1.62723,1.9934,0.3511,0.3169,0.3863,1.0,138.62
R4_S8_A0.6,logn30cv15,lean,profile,C0-M12.5,0.02206,0.02064,0.02367,-0.0132,-0.0144,-0.01217,-0.68868,-0.74669,-0.65,0.00491,0.00374,0.00605,5.29534,4.95337,5.68043,1.6721,1.5333,1.8137,1.0,31.21
R4_S8_A0.6,logn30cv15,lean,profile,C0-M15,0.01106,0.01005,0.01211,-0.00914,-0.01,-0.00836,-0.38349,-0.41889,-0.35805,0.00029,-0.00047,0.00108,2.65344,2.41176,2.90527,1.2102,1.1003,1.3337,1.0,34.69
R4_S8_A0.6,logn30cv15,lean,profile,T0.7,0.0069,0.00621,0.00772,-0.0069,-0.00764,-0.0063,-0.26183,-0.2886,-0.24256,-0.00086,-0.00148,-0.00025,1.65592,1.48956,1.8534,1.0002,0.8977,1.1147,1.0,37.95
R4_S8_A0.6,logn30cv15,lean,profile,B30,0.04307,0.04099,0.04515,-0.01342,-0.01469,-0.0123,-1.24286,-1.31726,-1.18369,0.01982,0.01823,0.02166,10.33708,9.83755,10.8351,3.2088,2.9168,3.4976,1.0,28.86
R4_S8_A0.6,logn30cv15,lean,profile,B60,0.0126,0.01171,0.01357,-0.00915,-0.01004,-0.00827,-0.5637,-0.60462,-0.53059,0.00143,0.00032,0.00249,3.02475,2.8108,3.25597,1.3769,1.2141,1.558,1.0,44.73
R4_S8_A0.6,logn30cv15,safe,profile,O-M15,0.00227,0.00197,0.00258,-0.00697,-0.00746,-0.00636,-0.49755,-0.51622,-0.47523,-0.00451,-0.00498,-0.004,0.5437,0.47208,0.61893,0.3251,0.2808,0.368,1.0,219.63
R4_S8_A0.6,logn30cv15,safe,profile,C0-M12.5,0.00831,0.00767,0.00891,-0.00367,-0.00403,-0.00327,-0.26859,-0.28705,-0.25063,0.00362,0.0031,0.00412,1.99448,1.84016,2.13951,2.2644,2.0365,2.5797,1.0,32.32
R4_S8_A0.6,logn30cv15,safe,profile,C0-M15,0.00294,0.00261,0.00327,-0.00197,-0.00225,-0.00169,-0.10702,-0.11724,-0.09531,0.00067,0.00033,0.00101,0.70654,0.62695,0.78562,1.4915,1.2717,1.7777,1.0,36.35
R4_S8_A0.6,logn30cv15,safe,profile,T0.7,0.00134,0.00113,0.00157,-0.0011,-0.00132,-0.00091,-0.04798,-0.05404,-0.04099,0.00012,-0.00013,0.00034,0.32145,0.27114,0.37624,1.2216,0.9678,1.5149,1.0,35.82
R4_S8_A0.6,logn30cv15,safe,profile,B30,0.0248,0.02364,0.02589,-0.00419,-0.0046,-0.00368,-0.6498,-0.68148,-0.6189,0.01676,0.01591,0.01766,5.95228,5.67349,6.21345,5.921,5.3881,6.7237,1.0,26.2
R4_S8_A0.6,logn30cv15,safe,profile,B60,0.00279,0.00248,0.00311,-0.00179,-0.00207,-0.00148,-0.11058,-0.12071,-0.0998,0.00071,0.00036,0.00106,0.66908,0.59441,0.74627,1.5583,1.3055,1.8694,1.0,39.67
R16_S16_A0.6,exp30,safe,profile,O-M15,0.00588,0.00504,0.00674,-0.02327,-0.02581,-0.02103,-0.95091,-1.0187,-0.89565,-0.01563,-0.01763,-0.01401,2.82436,2.41954,3.2375,0.2529,0.2194,0.2796,1.0,161.61
R16_S16_A0.6,exp30,safe,profile,C0-M12.5,0.02224,0.02032,0.02437,-0.01805,-0.02029,-0.01617,-0.90272,-0.9825,-0.83427,0.00046,-0.00118,0.002,10.67604,9.75245,11.69898,1.232,1.1122,1.362,1.0,40.59
R16_S16_A0.6,exp30,safe,profile,C0-M15,0.01186,0.01058,0.0133,-0.01315,-0.01489,-0.01167,-0.52299,-0.57823,-0.4734,-0.00274,-0.00416,-0.00148,5.69246,5.07991,6.38633,0.9017,0.7939,1.0167,1.0,44.1
R16_S16_A0.6,exp30,safe,profile,T0.7,0.00627,0.00539,0.0073,-0.00994,-0.01141,-0.00873,-0.27694,-0.31541,-0.24382,-0.004,-0.00509,-0.00301,3.01123,2.58521,3.50513,0.6311,0.5401,0.722,1.0,44.15
R16_S16_A0.6,exp30,safe,profile,B30,0.18133,0.17478,0.18754,-0.01787,-0.02015,-0.01589,-3.27434,-3.43697,-3.13824,0.09917,0.09554,0.10286,87.03794,83.89353,90.01951,10.1452,9.011,11.395,1.0,18.06
R16_S16_A0.6,exp30,safe,profile,B60,0.11493,0.11008,0.11896,-0.01841,-0.02069,-0.01651,-2.96585,-3.11355,-2.83814,0.06059,0.05748,0.06339,55.16537,52.83613,57.09957,6.2436,5.5604,6.8863,1.0,25.81
R16_S16_A0.6,logn30,lean,profile,O-M15,0.01334,0.01249,0.01419,-0.07142,-0.0754,-0.06807,-1.08714,-1.14558,-1.03378,-0.05691,-0.06002,-0.05415,6.4034,5.99684,6.81105,0.1868,0.1791,0.1946,1.0,81.49
R16_S16_A0.6,logn30,lean,profile,C0-M12.5,0.0291,0.02758,0.03058,-0.05466,-0.05788,-0.05193,-1.28708,-1.3571,-1.22431,-0.02684,-0.02926,-0.02484,13.96959,13.23734,14.67678,0.5324,0.5096,0.5522,1.0,44.22
R16_S16_A0.6,logn30,lean,profile,C0-M15,0.01703,0.01601,0.01814,-0.04115,-0.0437,-0.03893,-0.89665,-0.94665,-0.85044,-0.02463,-0.02651,-0.02281,8.1767,7.68272,8.70829,0.414,0.3941,0.4353,1.0,52.64
R16_S16_A0.6,logn30,lean,profile,T0.7,0.01994,0.01891,0.02104,-0.05039,-0.05327,-0.04788,-1.0561,-1.11543,-1.0042,-0.03086,-0.0332,-0.02898,9.5728,9.07666,10.09861,0.3958,0.3769,0.4129,1.0,52.95
R16_S16_A0.6,logn30,lean,profile,B30,0.1031,0.09926,0.10699,-0.0616,-0.06533,-0.05855,-2.81391,-2.94613,-2.70884,0.02764,0.02444,0.03047,49.48581,47.64581,51.35591,1.6738,1.5954,1.7509,1.0,27.29
R16_S16_A0.6,logn30,lean,profile,B60,0.04339,0.04163,0.04542,-0.05041,-0.05379,-0.04768,-1.97434,-2.07528,-1.88862,-0.01053,-0.01336,-0.00821,20.82554,19.98344,21.80243,0.8607,0.8142,0.9068,1.0,45.51
R16_S16_A0.6,logn30,safe,profile,O-M15,0.00767,0.00721,0.00822,-0.03948,-0.04253,-0.03669,-0.5984,-0.64125,-0.55701,-0.03147,-0.03405,-0.02921,3.68274,3.46051,3.94509,0.1943,0.184,0.205,1.0,77.99
R16_S16_A0.6,logn30,safe,profile,C0-M12.5,0.0199,0.01885,0.02083,-0.03087,-0.03345,-0.02864,-0.94335,-1.00426,-0.89036,-0.01164,-0.0138,-0.0097,9.54966,9.04893,9.99785,0.6445,0.608,0.6877,1.0,47.42
R16_S16_A0.6,logn30,safe,profile,C0-M15,0.01115,0.01053,0.01182,-0.02304,-0.02513,-0.02127,-0.62085,-0.66669,-0.58064,-0.01216,-0.01384,-0.01061,5.35371,5.0535,5.67548,0.4841,0.4554,0.5204,1.0,55.66
R16_S16_A0.6,logn30,safe,profile,T0.7,0.01091,0.01026,0.01159,-0.02568,-0.0277,-0.02387,-0.5343,-0.57277,-0.50204,-0.01496,-0.01647,-0.01347,5.23501,4.92479,5.56319,0.4248,0.404,0.4516,1.0,48.99
R16_S16_A0.6,logn30,safe,profile,B30,0.17865,0.17528,0.18265,-0.0321,-0.0351,-0.02952,-2.73622,-2.84003,-2.63436,0.11443,0.11162,0.11736,85.74978,84.1323,87.67221,5.5646,5.1376,5.9614,1.0,15.32
R16_S16_A0.6,logn30,safe,profile,B60,0.11068,0.10803,0.11345,-0.03245,-0.03527,-0.02994,-2.4998,-2.60084,-2.40536,0.06403,0.06141,0.06641,53.1267,51.85634,54.45595,3.4111,3.1613,3.6506,1.0,22.59
R16_S16_A0.6,logn30cv15,safe,profile,O-M15,0.00412,0.00343,0.00494,-0.01769,-0.01965,-0.01604,-1.1899,-1.26431,-1.12769,-0.01197,-0.0135,-0.01066,1.97569,1.64745,2.37017,0.2327,0.188,0.2732,1.0,289.09
R16_S16_A0.6,logn30cv15,safe,profile,C0-M12.5,0.02475,0.02231,0.02771,-0.01344,-0.01505,-0.01202,-0.98094,-1.07145,-0.91276,0.00576,0.00431,0.00715,11.87819,10.70662,13.30062,1.8413,1.6664,2.0145,1.0,39.64
R16_S16_A0.6,logn30cv15,safe,profile,C0-M15,0.01189,0.01026,0.01385,-0.00963,-0.01091,-0.00851,-0.55167,-0.61749,-0.50193,0.00016,-0.00108,0.00129,5.70563,4.92633,6.64822,1.2344,1.0623,1.4128,1.0,46.41
R16_S16_A0.6,logn30cv15,safe,profile,T0.7,0.00409,0.00332,0.00489,-0.00549,-0.00633,-0.00479,-0.19734,-0.22697,-0.17138,-0.00177,-0.00249,-0.00111,1.96422,1.59363,2.34898,0.7448,0.5941,0.9006,1.0,48.22
R16_S16_A0.6,logn30cv15,safe,profile,B30,0.1877,0.17994,0.19536,-0.01173,-0.0133,-0.01026,-3.4339,-3.59407,-3.29321,0.10405,0.09999,0.10792,90.09713,86.37041,93.7716,15.9978,14.2175,18.2319,1.0,18.29
R16_S16_A0.6,logn30cv15,safe,profile,B60,0.11614,0.1113,0.12137,-0.01183,-0.01328,-0.01049,-3.12444,-3.28005,-2.99409,0.06441,0.06132,0.06732,55.74872,53.42612,58.25619,9.8191,8.714,11.0826,1.0,26.9
R8_S16_A0.6,exp30,phi=1.00,profile,O-M15,0.00533,0.00478,0.00588,-0.01518,-0.01628,-0.01408,-0.61186,-0.64108,-0.58124,-0.00943,-0.01036,-0.0086,1.27823,1.14758,1.41002,0.3509,0.3199,0.3827,1.0,114.88
R8_S16_A0.6,exp30,phi=1.00,profile,C0-M12.5,0.01474,0.01375,0.01578,-0.00871,-0.00956,-0.00793,-0.45984,-0.49509,-0.42715,0.00408,0.00327,0.00499,3.53781,3.29949,3.78697,1.6922,1.5516,1.8551,1.0,31.19
R8_S16_A0.6,exp30,phi=1.00,profile,C0-M15,0.00831,0.00768,0.00897,-0.00618,-0.00689,-0.00553,-0.28877,-0.31429,-0.26523,0.00117,0.00044,0.00178,1.99427,1.84325,2.15212,1.345,1.1966,1.4865,1.0,34.75
R8_S16_A0.6,exp30,phi=1.00,profile,T0.7,0.00533,0.00483,0.00587,-0.00528,-0.00588,-0.00471,-0.19376,-0.21252,-0.17497,-0.00045,-0.00095,0.00012,1.2793,1.15987,1.40993,1.0096,0.9139,1.1402,1.0,36.35
R8_S16_A0.6,exp30,phi=1.00,profile,B30,0.05705,0.05487,0.05951,-0.0106,-0.0116,-0.00958,-1.25386,-1.318,-1.19562,0.03526,0.0336,0.03707,13.69301,13.16957,14.28129,5.3808,4.9278,5.9504,1.0,21.98
R8_S16_A0.6,exp30,phi=1.00,profile,B60,0.01367,0.0128,0.01466,-0.0077,-0.00859,-0.00691,-0.50043,-0.53593,-0.46518,0.00413,0.00326,0.00506,3.28074,3.07318,3.51833,1.7757,1.5996,1.9817,1.0,36.61
R8_S16_A0.6,exp30,phi=0.90,profile,O-M15,0.02368,0.0213,0.02641,-0.07057,-0.07623,-0.06578,-2.03311,-2.16742,-1.90983,-0.04231,-0.04596,-0.03874,5.68234,5.11318,6.33763,0.3355,0.3087,0.3681,1.0,85.87
R8_S16_A0.6,exp30,phi=0.90,profile,C0-M12.5,0.07665,0.07036,0.08448,-0.05217,-0.05688,-0.04786,-1.99768,-2.15907,-1.84828,0.00493,0.00131,0.00902,18.39711,16.88618,20.27533,1.4693,1.3567,1.6085,1.0,26.06
R8_S16_A0.6,exp30,phi=0.90,profile,C0-M15,0.04589,0.04151,0.05035,-0.04174,-0.04583,-0.03808,-1.46466,-1.5867,-1.34833,-0.0053,-0.00825,-0.00232,11.01361,9.96191,12.08282,1.0994,1.0012,1.2028,1.0,31.92
R8_S16_A0.6,exp30,phi=0.90,profile,T0.7,0.03654,0.03277,0.04012,-0.03765,-0.04137,-0.03415,-1.1566,-1.26862,-1.0538,-0.00777,-0.0104,-0.00513,8.76852,7.86504,9.62991,0.9705,0.8876,1.0655,1.0,31.66
R8_S16_A0.6,exp30,phi=0.90,profile,B30,0.13103,0.12417,0.1392,-0.04848,-0.05299,-0.0443,-3.09804,-3.28295,-2.91238,0.03828,0.03334,0.04361,31.44703,29.80034,33.40681,2.7029,2.4736,3.0087,1.0,23.64
R8_S16_A0.6,exp30,phi=0.90,profile,B60,0.05459,0.05077,0.05876,-0.04388,-0.0479,-0.04002,-2.02605,-2.16222,-1.88843,-0.00172,-0.00469,0.00188,13.10197,12.18411,14.10354,1.2441,1.1416,1.3788,1.0,37.11
R8_S16_A0.6,exp30,phi=0.85,profile,O-M15,0.08342,0.07248,0.09535,-0.20116,-0.21961,-0.18303,-4.77496,-5.21668,-4.39796,-0.10386,-0.11442,-0.0944,20.02132,17.39402,22.88401,0.4147,0.3706,0.459,1.0,57.24
R8_S16_A0.6,exp30,phi=0.85,profile,C0-M12.5,0.23924,0.19923,0.28561,-0.16723,-0.18405,-0.15142,-5.1854,-5.6435,-4.79052,-0.01839,-0.03083,-0.00721,57.41729,47.81477,68.5469,1.4306,1.2468,1.6196,1.0,21.67
R8_S16_A0.6,exp30,phi=0.85,profile,C0-M15,0.1664,0.13663,0.19562,-0.14353,-0.15907,-0.12926,-4.1618,-4.57163,-3.81185,-0.03084,-0.04071,-0.02164,39.93488,32.79014,46.94882,1.1593,1.0122,1.3126,1.0,25.01
R8_S16_A0.6,exp30,phi=0.85,profile,T0.7,0.13932,0.11285,0.1679,-0.13115,-0.14537,-0.11846,-3.60077,-3.98812,-3.27195,-0.03345,-0.04251,-0.0256,33.43564,27.08412,40.2971,1.0622,0.9051,1.2268,1.0,25.85
R8_S16_A0.6,exp30,phi=0.85,profile,B30,0.26572,0.24356,0.2893,-0.14921,-0.16556,-0.1349,-6.60808,-7.11695,-6.1841,0.00193,-0.01193,0.01393,63.77309,58.45493,69.4311,1.7808,1.5693,1.998,1.0,24.87
R8_S16_A0.6,exp30,phi=0.85,profile,B60,0.15525,0.14174,0.1697,-0.14054,-0.15504,-0.12757,-5.44817,-5.8817,-5.07319,-0.03326,-0.04343,-0.02252,37.25951,34.01757,40.72792,1.1047,0.9907,1.2461,1.0,35.09
