office,patience,plan_type,K,regime,M_K,d_own_minus_this,d_low,d_high
R4_S8_A0.6,exp30,lean,30.0,H,38.803,0.028,-0.055,0.101
R4_S8_A0.6,exp30,lean,30.0,O-M15,38.053,0.778,0.718,0.839
R4_S8_A0.6,exp30,lean,30.0,C0-M12.5,38.764,0.067,0.007,0.132
R4_S8_A0.6,exp30,lean,30.0,C0-M15,38.72,0.111,0.047,0.176
R4_S8_A0.6,exp30,lean,30.0,T0.7,38.743,0.088,0.022,0.157
R4_S8_A0.6,exp30,lean,30.0,B30,38.831,,,
R4_S8_A0.6,exp30,lean,30.0,B60,38.592,0.239,0.182,0.296
R4_S8_A0.6,exp30,lean,60.0,H,73.195,0.172,0.091,0.239
R4_S8_A0.6,exp30,lean,60.0,O-M15,72.762,0.605,0.541,0.664
R4_S8_A0.6,exp30,lean,60.0,C0-M12.5,73.933,-0.566,-0.652,-0.492
R4_S8_A0.6,exp30,lean,60.0,C0-M15,73.522,-0.155,-0.214,-0.089
R4_S8_A0.6,exp30,lean,60.0,T0.7,73.514,-0.147,-0.209,-0.083
R4_S8_A0.6,exp30,lean,60.0,B30,74.538,-1.171,-1.268,-1.078
R4_S8_A0.6,exp30,lean,60.0,B60,73.367,,,
R4_S8_A0.6,exp30,safe,30.0,H,35.348,0.081,0.045,0.115
R4_S8_A0.6,exp30,safe,30.0,O-M15,34.986,0.442,0.405,0.479
R4_S8_A0.6,exp30,safe,30.0,C0-M12.5,35.342,0.087,0.057,0.117
R4_S8_A0.6,exp30,safe,30.0,C0-M15,35.335,0.093,0.059,0.126
R4_S8_A0.6,exp30,safe,30.0,T0.7,35.342,0.087,0.051,0.121
R4_S8_A0.6,exp30,safe,30.0,B30,35.429,,,
R4_S8_A0.6,exp30,safe,30.0,B60,35.327,0.102,0.069,0.133
R4_S8_A0.6,exp30,safe,60.0,H,68.018,0.068,0.047,0.09
R4_S8_A0.6,exp30,safe,60.0,O-M15,67.767,0.319,0.296,0.343
R4_S8_A0.6,exp30,safe,60.0,C0-M12.5,68.312,-0.226,-0.259,-0.192
R4_S8_A0.6,exp30,safe,60.0,C0-M15,68.124,-0.038,-0.055,-0.021
R4_S8_A0.6,exp30,safe,60.0,T0.7,68.097,-0.011,-0.026,0.009
R4_S8_A0.6,exp30,safe,60.0,B30,68.826,-0.74,-0.796,-0.68
R4_S8_A0.6,exp30,safe,60.0,B60,68.086,,,
R4_S8_A0.6,logn30,lean,30.0,H,35.73,-0.328,-0.405,-0.248
R4_S8_A0.6,logn30,lean,30.0,O-M15,35.105,0.297,0.25,0.341
R4_S8_A0.6,logn30,lean,30.0,C0-M12.5,35.527,-0.126,-0.161,-0.088
R4_S8_A0.6,logn30,lean,30.0,C0-M15,35.507,-0.105,-0.152,-0.056
R4_S8_A0.6,logn30,lean,30.0,T0.7,35.502,-0.1,-0.144,-0.057
R4_S8_A0.6,logn30,lean,30.0,B30,35.402,,,
R4_S8_A0.6,logn30,lean,30.0,B60,35.411,-0.009,-0.061,0.04
R4_S8_A0.6,logn30,lean,60.0,H,66.623,-0.006,-0.049,0.035
R4_S8_A0.6,logn30,lean,60.0,O-M15,66.536,0.08,0.038,0.125
R4_S8_A0.6,logn30,lean,60.0,C0-M12.5,67.521,-0.904,-0.986,-0.833
R4_S8_A0.6,logn30,lean,60.0,C0-M15,67.044,-0.427,-0.481,-0.379
R4_S8_A0.6,logn30,lean,60.0,T0.7,67.22,-0.603,-0.66,-0.55
R4_S8_A0.6,logn30,lean,60.0,B30,67.586,-0.969,-1.05,-0.891
R4_S8_A0.6,logn30,lean,60.0,B60,66.617,,,
R4_S8_A0.6,logn30,safe,30.0,H,33.455,-0.018,-0.06,0.023
R4_S8_A0.6,logn30,safe,30.0,O-M15,33.189,0.247,0.218,0.275
R4_S8_A0.6,logn30,safe,30.0,C0-M12.5,33.383,0.054,0.031,0.079
R4_S8_A0.6,logn30,safe,30.0,C0-M15,33.361,0.076,0.048,0.106
R4_S8_A0.6,logn30,safe,30.0,T0.7,33.363,0.074,0.045,0.1
R4_S8_A0.6,logn30,safe,30.0,B30,33.437,,,
R4_S8_A0.6,logn30,safe,30.0,B60,33.359,0.078,0.048,0.109
R4_S8_A0.6,logn30,safe,60.0,H,63.828,0.049,0.026,0.071
R4_S8_A0.6,logn30,safe,60.0,O-M15,63.814,0.063,0.037,0.085
R4_S8_A0.6,logn30,safe,60.0,C0-M12.5,64.339,-0.462,-0.499,-0.427
R4_S8_A0.6,logn30,safe,60.0,C0-M15,64.005,-0.128,-0.149,-0.107
R4_S8_A0.6,logn30,safe,60.0,T0.7,64.069,-0.192,-0.213,-0.173
R4_S8_A0.6,logn30,safe,60.0,B30,64.719,-0.842,-0.896,-0.792
R4_S8_A0.6,logn30,safe,60.0,B60,63.877,,,
R4_S8_A0.6,logn30cv15,lean,30.0,H,38.567,0.049,-0.03,0.136
R4_S8_A0.6,logn30cv15,lean,30.0,O-M15,37.751,0.865,0.79,0.942
R4_S8_A0.6,logn30cv15,lean,30.0,C0-M12.5,38.54,0.076,0.012,0.138
R4_S8_A0.6,logn30cv15,lean,30.0,C0-M15,38.515,0.101,0.031,0.177
R4_S8_A0.6,logn30cv15,lean,30.0,T0.7,38.512,0.104,0.027,0.179
R4_S8_A0.6,logn30cv15,lean,30.0,B30,38.616,,,
R4_S8_A0.6,logn30cv15,lean,30.0,B60,38.381,0.235,0.178,0.299
R4_S8_A0.6,logn30cv15,lean,60.0,H,72.828,0.192,0.124,0.258
R4_S8_A0.6,logn30cv15,lean,60.0,O-M15,72.238,0.783,0.718,0.847
R4_S8_A0.6,logn30cv15,lean,60.0,C0-M12.5,73.463,-0.443,-0.526,-0.362
R4_S8_A0.6,logn30cv15,lean,60.0,C0-M15,73.108,-0.087,-0.156,-0.022
R4_S8_A0.6,logn30cv15,lean,60.0,T0.7,72.98,0.04,-0.021,0.101
R4_S8_A0.6,logn30cv15,lean,60.0,B30,74.17,-1.149,-1.26,-1.048
R4_S8_A0.6,logn30cv15,lean,60.0,B60,73.021,,,
R4_S8_A0.6,logn30cv15,safe,30.0,H,35.16,0.094,0.055,0.135
R4_S8_A0.6,logn30cv15,safe,30.0,O-M15,34.731,0.524,0.491,0.56
R4_S8_A0.6,logn30cv15,safe,30.0,C0-M12.5,35.141,0.114,0.083,0.145
R4_S8_A0.6,logn30cv15,safe,30.0,C0-M15,35.142,0.113,0.077,0.15
R4_S8_A0.6,logn30cv15,safe,30.0,T0.7,35.152,0.102,0.064,0.139
R4_S8_A0.6,logn30cv15,safe,30.0,B30,35.254,,,
R4_S8_A0.6,logn30cv15,safe,30.0,B60,35.133,0.121,0.086,0.154
R4_S8_A0.6,logn30cv15,safe,60.0,H,67.638,0.057,0.038,0.078
R4_S8_A0.6,logn30cv15,safe,60.0,O-M15,67.276,0.418,0.394,0.437
R4_S8_A0.6,logn30cv15,safe,60.0,C0-M12.5,67.868,-0.173,-0.205,-0.141
R4_S8_A0.6,logn30cv15,safe,60.0,C0-M15,67.708,-0.013,-0.031,0.007
R4_S8_A0.6,logn30cv15,safe,60.0,T0.7,67.67,0.024,0.009,0.045
R4_S8_A0.6,logn30cv15,safe,60.0,B30,68.476,-0.782,-0.84,-0.724
R4_S8_A0.6,logn30cv15,safe,60.0,B60,67.695,,,
R16_S16_A0.6,exp30,lean,30.0,H,113.995,,,
R16_S16_A0.6,exp30,lean,30.0,O-M15,inf,,,
R16_S16_A0.6,exp30,lean,30.0,C0-M12.5,inf,,,
R16_S16_A0.6,exp30,lean,30.0,C0-M15,inf,,,
R16_S16_A0.6,exp30,lean,30.0,T0.7,inf,,,
R16_S16_A0.6,exp30,lean,30.0,B30,inf,,,
R16_S16_A0.6,exp30,lean,30.0,B60,inf,,,
R16_S16_A0.6,exp30,lean,60.0,H,185.985,,,
R16_S16_A0.6,exp30,lean,60.0,O-M15,inf,,,
R16_S16_A0.6,exp30,lean,60.0,C0-M12.5,inf,,,
R16_S16_A0.6,exp30,lean,60.0,C0-M15,inf,,,
R16_S16_A0.6,exp30,lean,60.0,T0.7,inf,,,
R16_S16_A0.6,exp30,lean,60.0,B30,inf,,,
R16_S16_A0.6,exp30,lean,60.0,B60,inf,,,
R16_S16_A0.6,exp30,safe,30.0,H,40.077,2.166,1.952,2.382
R16_S16_A0.6,exp30,safe,30.0,O-M15,39.303,2.94,2.732,3.147
R16_S16_A0.6,exp30,safe,30.0,C0-M12.5,39.841,2.401,2.21,2.61
R16_S16_A0.6,exp30,safe,30.0,C0-M15,39.91,2.333,2.129,2.552
R16_S16_A0.6,exp30,safe,30.0,T0.7,39.988,2.254,2.048,2.473
R16_S16_A0.6,exp30,safe,30.0,B30,42.242,,,
R16_S16_A0.6,exp30,safe,30.0,B60,40.559,1.684,1.575,1.803
R16_S16_A0.6,exp30,safe,60.0,H,75.11,3.93,3.646,4.191
R16_S16_A0.6,exp30,safe,60.0,O-M15,74.513,4.528,4.253,4.772
R16_S16_A0.6,exp30,safe,60.0,C0-M12.5,75.542,3.498,3.249,3.74
R16_S16_A0.6,exp30,safe,60.0,C0-M15,75.299,3.741,3.48,3.98
R16_S16_A0.6,exp30,safe,60.0,T0.7,75.21,3.83,3.557,4.078
R16_S16_A0.6,exp30,safe,60.0,B30,82.716,-3.676,-3.895,-3.467
R16_S16_A0.6,exp30,safe,60.0,B60,79.04,,,
R16_S16_A0.6,logn30,lean,30.0,H,35.78,0.279,0.168,0.384
R16_S16_A0.6,logn30,lean,30.0,O-M15,35.093,0.966,0.868,1.057
R16_S16_A0.6,logn30,lean,30.0,C0-M12.5,35.366,0.693,0.604,0.778
R16_S16_A0.6,logn30,lean,30.0,C0-M15,35.394,0.665,0.566,0.76
R16_S16_A0.6,logn30,lean,30.0,T0.7,35.322,0.737,0.637,0.821
R16_S16_A0.6,logn30,lean,30.0,B30,36.059,,,
R16_S16_A0.6,logn30,lean,30.0,B60,35.107,0.952,0.881,1.026
R16_S16_A0.6,logn30,lean,60.0,H,66.687,0.629,0.518,0.734
R16_S16_A0.6,logn30,lean,60.0,O-M15,66.4,0.916,0.824,1.006
R16_S16_A0.6,logn30,lean,60.0,C0-M12.5,67.146,0.17,0.085,0.254
R16_S16_A0.6,logn30,lean,60.0,C0-M15,66.812,0.503,0.415,0.594
R16_S16_A0.6,logn30,lean,60.0,T0.7,66.827,0.488,0.4,0.573
R16_S16_A0.6,logn30,lean,60.0,B30,70.059,-2.743,-2.889,-2.61
R16_S16_A0.6,logn30,lean,60.0,B60,67.316,,,
R16_S16_A0.6,logn30,safe,30.0,H,34.435,2.623,2.514,2.752
R16_S16_A0.6,logn30,safe,30.0,O-M15,34.067,2.991,2.884,3.107
R16_S16_A0.6,logn30,safe,30.0,C0-M12.5,34.088,2.97,2.865,3.076
R16_S16_A0.6,logn30,safe,30.0,C0-M15,34.149,2.909,2.806,3.019
R16_S16_A0.6,logn30,safe,30.0,T0.7,34.228,2.83,2.725,2.948
R16_S16_A0.6,logn30,safe,30.0,B30,37.058,,,
R16_S16_A0.6,logn30,safe,30.0,B60,35.255,1.803,1.737,1.872
R16_S16_A0.6,logn30,safe,60.0,H,64.924,4.141,4.007,4.287
R16_S16_A0.6,logn30,safe,60.0,O-M15,64.786,4.279,4.153,4.426
R16_S16_A0.6,logn30,safe,60.0,C0-M12.5,65.174,3.891,3.768,4.025
R16_S16_A0.6,logn30,safe,60.0,C0-M15,64.972,4.093,3.967,4.24
R16_S16_A0.6,logn30,safe,60.0,T0.7,65.044,4.021,3.891,4.165
R16_S16_A0.6,logn30,safe,60.0,B30,72.906,-3.841,-3.974,-3.718
R16_S16_A0.6,logn30,safe,60.0,B60,69.065,,,
R16_S16_A0.6,logn30cv15,lean,30.0,H,172.733,,,
R16_S16_A0.6,logn30cv15,lean,30.0,O-M15,inf,,,
R16_S16_A0.6,logn30cv15,lean,30.0,C0-M12.5,inf,,,
R16_S16_A0.6,logn30cv15,lean,30.0,C0-M15,inf,,,
R16_S16_A0.6,logn30cv15,lean,30.0,T0.7,inf,,,
R16_S16_A0.6,logn30cv15,lean,30.0,B30,inf,,,
R16_S16_A0.6,logn30cv15,lean,30.0,B60,inf,,,
R16_S16_A0.6,logn30cv15,lean,60.0,H,280.084,,,
R16_S16_A0.6,logn30cv15,lean,60.0,O-M15,inf,,,
R16_S16_A0.6,logn30cv15,lean,60.0,C0-M12.5,inf,,,
R16_S16_A0.6,logn30cv15,lean,60.0,C0-M15,inf,,,
R16_S16_A0.6,logn30cv15,lean,60.0,T0.7,inf,,,
R16_S16_A0.6,logn30cv15,lean,60.0,B30,inf,,,
R16_S16_A0.6,logn30cv15,lean,60.0,B60,inf,,,
R16_S16_A0.6,logn30cv15,safe,30.0,H,41.345,2.197,1.926,2.444
R16_S16_A0.6,logn30cv15,safe,30.0,O-M15,40.278,3.264,3.004,3.514
R16_S16_A0.6,logn30cv15,safe,30.0,C0-M12.5,41.106,2.436,2.193,2.666
R16_S16_A0.6,logn30cv15,safe,30.0,C0-M15,41.15,2.392,2.141,2.628
R16_S16_A0.6,logn30cv15,safe,30.0,T0.7,41.27,2.272,2.016,2.525
R16_S16_A0.6,logn30cv15,safe,30.0,B30,43.542,,,
R16_S16_A0.6,logn30cv15,safe,30.0,B60,41.705,1.837,1.69,1.991
R16_S16_A0.6,logn30cv15,safe,60.0,H,77.027,3.844,3.517,4.151
R16_S16_A0.6,logn30cv15,safe,60.0,O-M15,76.085,4.787,4.483,5.108
R16_S16_A0.6,logn30cv15,safe,60.0,C0-M12.5,77.531,3.34,3.047,3.631
R16_S16_A0.6,logn30cv15,safe,60.0,C0-M15,77.189,3.683,3.382,3.965
R16_S16_A0.6,logn30cv15,safe,60.0,T0.7,77.076,3.796,3.474,4.111
R16_S16_A0.6,logn30cv15,safe,60.0,B30,84.856,-3.984,-4.263,-3.713
R16_S16_A0.6,logn30cv15,safe,60.0,B60,80.872,,,
R8_S16_A0.6,exp30,phi=1.00,30.0,H,35.755,0.458,0.379,0.537
R8_S16_A0.6,exp30,phi=1.00,30.0,O-M15,35.303,0.91,0.839,0.986
R8_S16_A0.6,exp30,phi=1.00,30.0,C0-M12.5,35.738,0.475,0.416,0.538
R8_S16_A0.6,exp30,phi=1.00,30.0,C0-M15,35.716,0.497,0.433,0.567
R8_S16_A0.6,exp30,phi=1.00,30.0,T0.7,35.721,0.492,0.417,0.566
R8_S16_A0.6,exp30,phi=1.00,30.0,B30,36.213,,,
R8_S16_A0.6,exp30,phi=1.00,30.0,B60,35.665,0.548,0.485,0.611
R8_S16_A0.6,exp30,phi=1.00,60.0,H,68.639,0.32,0.261,0.382
R8_S16_A0.6,exp30,phi=1.00,60.0,O-M15,68.347,0.612,0.56,0.667
R8_S16_A0.6,exp30,phi=1.00,60.0,C0-M12.5,69.064,-0.105,-0.147,-0.061
R8_S16_A0.6,exp30,phi=1.00,60.0,C0-M15,68.849,0.11,0.061,0.155
R8_S16_A0.6,exp30,phi=1.00,60.0,T0.7,68.765,0.194,0.143,0.242
R8_S16_A0.6,exp30,phi=1.00,60.0,B30,70.809,-1.85,-1.965,-1.737
R8_S16_A0.6,exp30,phi=1.00,60.0,B60,68.959,,,
R8_S16_A0.6,exp30,phi=0.90,30.0,H,43.019,0.833,0.583,1.13
R8_S16_A0.6,exp30,phi=0.90,30.0,O-M15,41.696,2.156,1.941,2.396
R8_S16_A0.6,exp30,phi=0.90,30.0,C0-M12.5,43.321,0.531,0.353,0.724
R8_S16_A0.6,exp30,phi=0.90,30.0,C0-M15,42.931,0.921,0.72,1.13
R8_S16_A0.6,exp30,phi=0.90,30.0,T0.7,42.958,0.893,0.697,1.116
R8_S16_A0.6,exp30,phi=0.90,30.0,B30,43.852,,,
R8_S16_A0.6,exp30,phi=0.90,30.0,B60,42.63,1.221,1.057,1.39
R8_S16_A0.6,exp30,phi=0.90,60.0,H,79.527,1.249,1.025,1.505
R8_S16_A0.6,exp30,phi=0.90,60.0,O-M15,78.914,1.862,1.66,2.071
R8_S16_A0.6,exp30,phi=0.90,60.0,C0-M12.5,82.128,-1.352,-1.66,-1.111
R8_S16_A0.6,exp30,phi=0.90,60.0,C0-M15,80.815,-0.039,-0.226,0.176
R8_S16_A0.6,exp30,phi=0.90,60.0,T0.7,80.562,0.214,0.051,0.42
R8_S16_A0.6,exp30,phi=0.90,60.0,B30,84.29,-3.514,-3.82,-3.217
R8_S16_A0.6,exp30,phi=0.90,60.0,B60,80.776,,,
R8_S16_A0.6,exp30,phi=0.85,30.0,H,53.568,1.364,0.515,2.127
R8_S16_A0.6,exp30,phi=0.85,30.0,O-M15,51.296,3.636,3.042,4.359
R8_S16_A0.6,exp30,phi=0.85,30.0,C0-M12.5,55.56,-0.628,-1.382,0.203
R8_S16_A0.6,exp30,phi=0.85,30.0,C0-M15,54.398,0.533,-0.101,1.113
R8_S16_A0.6,exp30,phi=0.85,30.0,T0.7,54.147,0.785,0.138,1.53
R8_S16_A0.6,exp30,phi=0.85,30.0,B30,54.932,,,
R8_S16_A0.6,exp30,phi=0.85,30.0,B60,52.778,2.154,1.746,2.61
R8_S16_A0.6,exp30,phi=0.85,60.0,H,95.351,3.867,2.959,4.793
R8_S16_A0.6,exp30,phi=0.85,60.0,O-M15,95.582,3.636,2.99,4.435
R8_S16_A0.6,exp30,phi=0.85,60.0,C0-M12.5,104.52,-5.302,-7.284,-3.533
R8_S16_A0.6,exp30,phi=0.85,60.0,C0-M15,101.173,-1.955,-3.052,-0.88
R8_S16_A0.6,exp30,phi=0.85,60.0,T0.7,100.109,-0.891,-2.097,0.361
R8_S16_A0.6,exp30,phi=0.85,60.0,B30,104.686,-5.468,-6.392,-4.727
R8_S16_A0.6,exp30,phi=0.85,60.0,B60,99.218,,,
R8_S16_A0.6,exp30,phi=0.80,30.0,H,170.338,,,
R8_S16_A0.6,exp30,phi=0.80,30.0,O-M15,inf,,,
R8_S16_A0.6,exp30,phi=0.80,30.0,C0-M12.5,inf,,,
R8_S16_A0.6,exp30,phi=0.80,30.0,C0-M15,inf,,,
R8_S16_A0.6,exp30,phi=0.80,30.0,T0.7,inf,,,
R8_S16_A0.6,exp30,phi=0.80,30.0,B30,inf,,,
R8_S16_A0.6,exp30,phi=0.80,30.0,B60,inf,,,
R8_S16_A0.6,exp30,phi=0.80,60.0,H,270.517,,,
R8_S16_A0.6,exp30,phi=0.80,60.0,O-M15,inf,,,
R8_S16_A0.6,exp30,phi=0.80,60.0,C0-M12.5,inf,,,
R8_S16_A0.6,exp30,phi=0.80,60.0,C0-M15,inf,,,
R8_S16_A0.6,exp30,phi=0.80,60.0,T0.7,inf,,,
R8_S16_A0.6,exp30,phi=0.80,60.0,B30,inf,,,
R8_S16_A0.6,exp30,phi=0.80,60.0,B60,inf,,,
