office,patience,plan_type,regime,fail,share_of_oracle_gain,told_per_day,d_H,d_H_lo,d_H_hi,d_Tbest,d_Tbest_lo,d_Tbest_hi,d_B1,d_B1_lo,d_B1_hi
R4_S8_A0.6,exp30,lean,H,0.09774,0.0,0.0,0.0,0.0,0.0,0.378,0.225,0.531,0.393,0.244,0.542
R4_S8_A0.6,exp30,lean,O-M15,0.08846,1.0,21.238,-2.229,-2.506,-1.952,-1.851,-2.052,-1.65,-1.836,-2.041,-1.631
R4_S8_A0.6,exp30,lean,Tbest,0.09617,0.17,1.987,-0.378,-0.531,-0.225,0.0,0.0,0.0,0.015,-0.084,0.114
R4_S8_A0.6,exp30,lean,B1,0.0961,0.176,1.648,-0.393,-0.542,-0.244,-0.015,-0.114,0.084,0.0,0.0,0.0
R4_S8_A0.6,exp30,lean,FW,0.09628,0.158,3.862,-0.352,-0.588,-0.116,0.026,-0.139,0.191,0.041,-0.121,0.203
R4_S8_A0.6,exp30,safe,H,0.06739,0.0,0.0,0.0,0.0,0.0,0.063,-0.006,0.132,0.044,-0.008,0.096
R4_S8_A0.6,exp30,safe,O-M15,0.0636,1.0,15.271,-0.909,-1.06,-0.758,-0.846,-0.972,-0.72,-0.865,-1.002,-0.728
R4_S8_A0.6,exp30,safe,Tbest,0.06713,0.069,0.621,-0.063,-0.132,0.006,0.0,0.0,0.0,-0.019,-0.064,0.026
R4_S8_A0.6,exp30,safe,B1,0.06721,0.048,0.36,-0.044,-0.096,0.008,0.019,-0.026,0.064,0.0,0.0,0.0
R4_S8_A0.6,exp30,safe,FW,0.06742,-0.009,1.336,0.008,-0.099,0.115,0.071,-0.016,0.158,0.052,-0.036,0.14
R4_S8_A0.6,logn30,lean,H,0.07732,0.0,0.0,0.0,0.0,0.0,4.734,4.157,5.311,4.766,4.212,5.32
R4_S8_A0.6,logn30,lean,O-M15,0.0348,1.0,8.356,-10.209,-10.99,-9.428,-5.475,-5.846,-5.104,-5.443,-5.829,-5.057
R4_S8_A0.6,logn30,lean,Tbest,0.05761,0.464,7.277,-4.734,-5.311,-4.157,0.0,0.0,0.0,0.032,-0.159,0.223
R4_S8_A0.6,logn30,lean,B1,0.05747,0.467,6.114,-4.766,-5.32,-4.212,-0.032,-0.223,0.159,0.0,0.0,0.0
R4_S8_A0.6,logn30,lean,FW,0.05783,0.459,9.951,-4.681,-5.372,-3.99,0.053,-0.235,0.341,0.085,-0.227,0.397
R4_S8_A0.6,logn30,safe,H,0.03539,0.0,0.0,0.0,0.0,0.0,1.255,0.935,1.575,1.204,0.926,1.482
R4_S8_A0.6,logn30,safe,O-M15,0.01754,1.0,4.212,-4.286,-4.765,-3.807,-3.031,-3.308,-2.754,-3.082,-3.384,-2.78
R4_S8_A0.6,logn30,safe,Tbest,0.03017,0.293,3.249,-1.255,-1.575,-0.935,0.0,0.0,0.0,-0.051,-0.181,0.079
R4_S8_A0.6,logn30,safe,B1,0.03038,0.281,2.369,-1.204,-1.482,-0.926,0.051,-0.079,0.181,0.0,0.0,0.0
R4_S8_A0.6,logn30,safe,FW,0.03175,0.204,4.834,-0.875,-1.267,-0.483,0.38,0.203,0.557,0.329,0.123,0.535
R4_S8_A0.6,logn30cv15,lean,H,0.08986,0.0,0.0,0.0,0.0,0.0,0.121,0.027,0.215,0.174,0.072,0.276
R4_S8_A0.6,logn30cv15,lean,O-M15,0.08359,1.0,20.07,-1.504,-1.709,-1.299,-1.383,-1.559,-1.207,-1.33,-1.496,-1.164
R4_S8_A0.6,logn30cv15,lean,Tbest,0.08935,0.08,1.352,-0.121,-0.215,-0.027,0.0,0.0,0.0,0.053,-0.032,0.138
R4_S8_A0.6,logn30cv15,lean,B1,0.08913,0.116,1.125,-0.174,-0.276,-0.072,-0.053,-0.138,0.032,0.0,0.0,0.0
R4_S8_A0.6,logn30cv15,lean,FW,0.08937,0.078,2.838,-0.118,-0.278,0.042,0.003,-0.128,0.134,0.056,-0.066,0.178
R4_S8_A0.6,logn30cv15,safe,H,0.06109,0.0,0.0,0.0,0.0,0.0,0.004,-0.009,0.017,0.001,-0.026,0.028
R4_S8_A0.6,logn30cv15,safe,O-M15,0.05861,1.0,14.072,-0.596,-0.709,-0.483,-0.592,-0.705,-0.479,-0.595,-0.704,-0.486
R4_S8_A0.6,logn30cv15,safe,Tbest,0.06108,0.007,0.051,-0.004,-0.017,0.009,0.0,0.0,0.0,-0.003,-0.029,0.023
R4_S8_A0.6,logn30cv15,safe,B1,0.06109,0.002,0.195,-0.001,-0.028,0.026,0.003,-0.023,0.029,0.0,0.0,0.0
R4_S8_A0.6,logn30cv15,safe,FW,0.06148,-0.154,0.758,0.092,0.031,0.153,0.096,0.035,0.157,0.093,0.043,0.143
R16_S16_A0.6,exp30,lean,H,0.13366,0.0,0.0,0.0,0.0,0.0,4.313,3.736,4.89,4.284,3.675,4.893
R16_S16_A0.6,exp30,lean,O-M15,0.11618,1.0,55.771,-8.391,-9.08,-7.702,-4.078,-4.431,-3.725,-4.107,-4.441,-3.773
R16_S16_A0.6,exp30,lean,Tbest,0.12468,0.514,10.207,-4.313,-4.89,-3.736,0.0,0.0,0.0,-0.029,-0.314,0.256
R16_S16_A0.6,exp30,lean,B1,0.12474,0.511,11.045,-4.284,-4.893,-3.675,0.029,-0.256,0.314,0.0,0.0,0.0
R16_S16_A0.6,exp30,lean,FW,0.12534,0.476,19.312,-3.994,-4.692,-3.296,0.319,-0.053,0.691,0.29,-0.06,0.64
R16_S16_A0.6,exp30,safe,H,0.07668,0.0,0.0,0.0,0.0,0.0,0.219,0.078,0.36,0.167,-0.006,0.34
R16_S16_A0.6,exp30,safe,O-M15,0.07383,1.0,35.44,-1.369,-1.589,-1.149,-1.15,-1.329,-0.971,-1.202,-1.381,-1.023
R16_S16_A0.6,exp30,safe,Tbest,0.07622,0.16,1.639,-0.219,-0.36,-0.078,0.0,0.0,0.0,-0.052,-0.183,0.079
R16_S16_A0.6,exp30,safe,B1,0.07633,0.122,2.59,-0.167,-0.34,0.006,0.052,-0.079,0.183,0.0,0.0,0.0
R16_S16_A0.6,exp30,safe,FW,0.07836,-0.59,7.539,0.808,0.547,1.069,1.027,0.808,1.246,0.975,0.782,1.168
R16_S16_A0.6,logn30,lean,H,0.07152,0.0,0.0,0.0,0.0,0.0,14.182,12.931,15.433,13.919,12.691,15.147
R16_S16_A0.6,logn30,lean,O-M15,0.02763,1.0,13.262,-21.07,-22.515,-19.625,-6.888,-7.349,-6.427,-7.151,-7.645,-6.657
R16_S16_A0.6,logn30,lean,Tbest,0.04198,0.673,13.653,-14.182,-15.433,-12.931,0.0,0.0,0.0,-0.263,-0.573,0.047
R16_S16_A0.6,logn30,lean,B1,0.04252,0.661,11.942,-13.919,-15.147,-12.691,0.263,-0.047,0.573,0.0,0.0,0.0
R16_S16_A0.6,logn30,lean,FW,0.04412,0.624,18.021,-13.154,-14.525,-11.783,1.028,0.632,1.424,0.765,0.335,1.195
R16_S16_A0.6,logn30,safe,H,0.04394,0.0,0.0,0.0,0.0,0.0,7.107,6.149,8.065,7.166,6.158,8.174
R16_S16_A0.6,logn30,safe,O-M15,0.01823,1.0,8.752,-12.342,-13.508,-11.176,-5.235,-5.655,-4.815,-5.176,-5.599,-4.753
R16_S16_A0.6,logn30,safe,Tbest,0.02914,0.576,8.366,-7.107,-8.065,-6.149,0.0,0.0,0.0,0.059,-0.243,0.361
R16_S16_A0.6,logn30,safe,B1,0.02901,0.581,8.375,-7.166,-8.174,-6.158,-0.059,-0.361,0.243,0.0,0.0,0.0
R16_S16_A0.6,logn30,safe,FW,0.03547,0.329,14.872,-4.065,-5.189,-2.941,3.042,2.645,3.439,3.101,2.72,3.482
R16_S16_A0.6,logn30cv15,lean,H,0.13259,0.0,0.0,0.0,0.0,0.0,2.501,2.079,2.923,2.6,2.126,3.074
R16_S16_A0.6,logn30cv15,lean,O-M15,0.12009,1.0,57.647,-6.0,-6.524,-5.476,-3.499,-3.829,-3.169,-3.4,-3.74,-3.06
R16_S16_A0.6,logn30cv15,lean,Tbest,0.12738,0.417,8.948,-2.501,-2.923,-2.079,0.0,0.0,0.0,0.099,-0.179,0.377
R16_S16_A0.6,logn30cv15,lean,B1,0.12717,0.433,11.016,-2.6,-3.074,-2.126,-0.099,-0.377,0.179,0.0,0.0,0.0
R16_S16_A0.6,logn30cv15,lean,FW,0.12757,0.402,19.385,-2.409,-2.982,-1.836,0.092,-0.264,0.448,0.191,-0.162,0.544
R16_S16_A0.6,logn30cv15,safe,H,0.07512,0.0,0.0,0.0,0.0,0.0,0.119,0.046,0.192,-0.046,-0.197,0.105
R16_S16_A0.6,logn30cv15,safe,O-M15,0.07287,1.0,34.98,-1.078,-1.275,-0.881,-0.959,-1.138,-0.78,-1.124,-1.3,-0.948
R16_S16_A0.6,logn30cv15,safe,Tbest,0.07487,0.11,0.493,-0.119,-0.192,-0.046,0.0,0.0,0.0,-0.165,-0.298,-0.032
R16_S16_A0.6,logn30cv15,safe,B1,0.07521,-0.043,2.395,0.046,-0.105,0.197,0.165,0.032,0.298,0.0,0.0,0.0
R16_S16_A0.6,logn30cv15,safe,FW,0.0763,-0.53,6.651,0.571,0.341,0.801,0.69,0.476,0.904,0.525,0.342,0.708
