office,service_time,patience,mode,plan,staff_hours,found_by,worst_served_late,served_late_misses,worst_fail,fail_misses,overall_fail,overall_abandon,worst_hour_abandon,abandoned_per_day,wasted_min_per_leaver,mean_wait_served,served_late_by_hour,fail_by_hour
office,8.0,exp30,renege,"[2, 2, 2, 2, 2, 2, 2, 2]",16,SGS-UCB (late)@renege,0.0854,0,0.2422,6,0.1539,0.1137,0.1714,10.11,5.91,3.1,"[0.0342, 0.0854, 0.0506, 0.0152, 0.0164, 0.0346, 0.063, 0.0372]","[0.1177, 0.2422, 0.1603, 0.0735, 0.0775, 0.1357, 0.2017, 0.1393]"
office,8.0,exp30,balk,"[2, 2, 2, 2, 2, 2, 2, 2]",16,SGS-UCB (late)@renege,0.112,0,0.2747,6,0.178,0.1222,0.1832,10.86,0.0,3.463,"[0.0477, 0.112, 0.0733, 0.0256, 0.0258, 0.0488, 0.0892, 0.0541]","[0.1348, 0.2747, 0.1891, 0.093, 0.0898, 0.154, 0.2337, 0.1633]"
office,8.0,exp30,renege,"[2, 3, 2, 2, 2, 2, 3, 2]",18,SGS-UCB (late)@balk,0.0323,0,0.1219,2,0.0889,0.0711,0.0973,6.32,4.9,1.925,"[0.026, 0.0114, 0.0323, 0.0136, 0.0163, 0.0272, 0.0069, 0.0244]","[0.1032, 0.0689, 0.1194, 0.0707, 0.077, 0.1219, 0.0517, 0.1069]"
office,8.0,exp30,balk,"[2, 3, 2, 2, 2, 2, 3, 2]",18,SGS-UCB (late)@balk,0.0482,0,0.143,4,0.1046,0.0782,0.1106,6.95,0.0,2.104,"[0.0352, 0.022, 0.0482, 0.0234, 0.0258, 0.0364, 0.0106, 0.0355]","[0.1235, 0.081, 0.1416, 0.0902, 0.0896, 0.143, 0.0569, 0.124]"
office,8.0,exp30,renege,"[2, 4, 2, 2, 2, 3, 3, 3]",21,no-abandonment SGS-UCB@-,0.0271,0,0.1077,0,0.0553,0.0459,0.0829,4.08,4.49,1.22,"[0.0235, 0.0012, 0.0271, 0.0136, 0.0133, 0.0027, 0.0049, 0.0014]","[0.0985, 0.0178, 0.1077, 0.0705, 0.0703, 0.0319, 0.045, 0.0259]"
office,8.0,exp30,balk,"[2, 4, 2, 2, 2, 3, 3, 3]",21,no-abandonment SGS-UCB@-,0.0405,0,0.1226,2,0.065,0.0507,0.0915,4.5,0.0,1.329,"[0.0316, 0.0023, 0.0405, 0.0231, 0.0214, 0.0048, 0.0082, 0.0028]","[0.1202, 0.019, 0.1226, 0.0894, 0.0855, 0.0346, 0.0517, 0.029]"
office,8.0,exp30,renege,"[3, 3, 3, 2, 2, 3, 3, 3]",22,SIPP (Erlang-C)@-; SIPP-A (fail)@renege; SGS-UCB (fail)@renege; SIPP-A (fail)@balk; SGS-UCB (fail)@balk,0.0135,0,0.0706,0,0.0435,0.0379,0.0579,3.37,3.96,0.983,"[0.0022, 0.0101, 0.0039, 0.0096, 0.0135, 0.0027, 0.0049, 0.0014]","[0.024, 0.0626, 0.0326, 0.0591, 0.0706, 0.0319, 0.045, 0.0259]"
office,8.0,exp30,balk,"[3, 3, 3, 2, 2, 3, 3, 3]",22,SIPP (Erlang-C)@-; SIPP-A (fail)@renege; SGS-UCB (fail)@renege; SIPP-A (fail)@balk; SGS-UCB (fail)@balk,0.0213,0,0.0849,0,0.0507,0.0412,0.065,3.66,0.0,1.082,"[0.0045, 0.0179, 0.0068, 0.0159, 0.0213, 0.0048, 0.0082, 0.0028]","[0.0291, 0.073, 0.0374, 0.0725, 0.0849, 0.0346, 0.0517, 0.029]"
office,8.0,exp60,renege,"[2, 3, 2, 2, 2, 2, 3, 2]",18,SGS-UCB (late)@renege; SGS-UCB (late)@balk,0.064,0,0.1194,2,0.0829,0.0464,0.0636,4.12,6.11,2.568,"[0.0462, 0.0288, 0.064, 0.0293, 0.0288, 0.0528, 0.0152, 0.0475]","[0.093, 0.0675, 0.1194, 0.0662, 0.0691, 0.113, 0.0443, 0.0986]"
office,8.0,exp60,balk,"[2, 3, 2, 2, 2, 2, 3, 2]",18,SGS-UCB (late)@renege; SGS-UCB (late)@balk,0.0772,0,0.1357,2,0.0929,0.0494,0.0715,4.39,0.0,2.731,"[0.0542, 0.0335, 0.0772, 0.0365, 0.0367, 0.0621, 0.0199, 0.0559]","[0.1066, 0.0702, 0.1357, 0.0773, 0.077, 0.1292, 0.05, 0.1092]"
office,8.0,exp60,renege,"[2, 4, 2, 2, 2, 3, 3, 3]",21,no-abandonment SGS-UCB@-,0.0484,0,0.0962,0,0.0466,0.0285,0.0503,2.53,5.34,1.574,"[0.0406, 0.0031, 0.0484, 0.029, 0.0246, 0.0051, 0.0099, 0.0036]","[0.0856, 0.0145, 0.0962, 0.0657, 0.0619, 0.021, 0.0338, 0.0192]"
office,8.0,exp60,balk,"[2, 4, 2, 2, 2, 3, 3, 3]",21,no-abandonment SGS-UCB@-,0.0583,0,0.1077,0,0.0531,0.031,0.0554,2.75,0.0,1.662,"[0.0467, 0.0043, 0.0583, 0.036, 0.0306, 0.0072, 0.0129, 0.0055]","[0.0995, 0.0145, 0.1077, 0.0761, 0.0712, 0.0245, 0.0391, 0.0219]"
office,8.0,exp60,renege,"[3, 3, 3, 2, 2, 3, 3, 3]",22,SIPP (Erlang-C)@-; SIPP-A (fail)@renege; SGS-UCB (fail)@renege; SIPP-A (fail)@balk; SGS-UCB (fail)@balk,0.0247,0,0.062,0,0.0344,0.0234,0.0383,2.08,4.73,1.248,"[0.0047, 0.0203, 0.0075, 0.0174, 0.0247, 0.0051, 0.0099, 0.0036]","[0.0168, 0.0534, 0.0264, 0.0471, 0.062, 0.021, 0.0338, 0.0192]"
office,8.0,exp60,balk,"[3, 3, 3, 2, 2, 3, 3, 3]",22,SIPP (Erlang-C)@-; SIPP-A (fail)@renege; SGS-UCB (fail)@renege; SIPP-A (fail)@balk; SGS-UCB (fail)@balk,0.0307,0,0.0711,0,0.039,0.0248,0.0416,2.21,0.0,1.327,"[0.0058, 0.0255, 0.0093, 0.0226, 0.0307, 0.0072, 0.0129, 0.0055]","[0.0194, 0.0583, 0.0292, 0.0543, 0.0711, 0.0245, 0.0391, 0.0219]"
office,8.0,logn30,renege,"[2, 3, 2, 2, 2, 2, 3, 2]",18,SGS-UCB (late)@renege,0.0772,0,0.1095,0,0.068,0.0224,0.035,1.99,15.8,2.998,"[0.0512, 0.0353, 0.0772, 0.037, 0.0313, 0.0665, 0.0223, 0.0584]","[0.0748, 0.053, 0.1095, 0.0533, 0.0475, 0.0934, 0.0338, 0.0856]"
office,8.0,logn30,balk,"[2, 3, 2, 2, 2, 2, 3, 2]",18,SGS-UCB (late)@renege,0.0975,0,0.1258,1,0.0787,0.0203,0.0354,1.8,0.0,3.273,"[0.0614, 0.0472, 0.0975, 0.0545, 0.0464, 0.0781, 0.0298, 0.0736]","[0.0876, 0.0581, 0.1258, 0.0702, 0.058, 0.1107, 0.0351, 0.097]"
office,8.0,logn30,renege,"[2, 3, 2, 2, 2, 2, 4, 2]",19,SGS-UCB (late)@balk,0.0772,0,0.1095,0,0.0601,0.0197,0.035,1.75,15.69,2.699,"[0.0512, 0.0353, 0.0772, 0.037, 0.0313, 0.0593, 0.0032, 0.0463]","[0.0748, 0.053, 0.1095, 0.0533, 0.0475, 0.0836, 0.0044, 0.0678]"
office,8.0,logn30,balk,"[2, 3, 2, 2, 2, 2, 4, 2]",19,SGS-UCB (late)@balk,0.0975,0,0.1258,1,0.0703,0.0186,0.0354,1.65,0.0,2.932,"[0.0614, 0.0472, 0.0975, 0.0545, 0.0464, 0.0702, 0.0029, 0.0587]","[0.0876, 0.0581, 0.1258, 0.0702, 0.058, 0.1031, 0.0032, 0.0751]"
office,8.0,logn30,renege,"[2, 3, 2, 2, 2, 3, 3, 3]",20,SGS-UCB (fail)@renege,0.0772,0,0.1095,0,0.0452,0.0149,0.035,1.32,15.69,2.243,"[0.0512, 0.0353, 0.0772, 0.037, 0.0272, 0.0074, 0.0124, 0.0065]","[0.0748, 0.053, 0.1095, 0.0533, 0.0403, 0.0104, 0.0185, 0.0094]"
office,8.0,logn30,balk,"[2, 3, 2, 2, 2, 3, 3, 3]",20,SGS-UCB (fail)@renege,0.0975,0,0.1258,1,0.0533,0.0129,0.0313,1.15,0.0,2.454,"[0.0614, 0.0472, 0.0975, 0.0545, 0.0389, 0.0111, 0.0191, 0.0089]","[0.0876, 0.0581, 0.1258, 0.0702, 0.0506, 0.0125, 0.0224, 0.0116]"
office,8.0,logn30,renege,"[2, 4, 2, 2, 2, 3, 3, 3]",21,no-abandonment SGS-UCB@-; SGS-UCB (fail)@balk,0.057,0,0.0813,0,0.0328,0.0106,0.0258,0.94,15.31,1.841,"[0.0443, 0.005, 0.057, 0.0359, 0.0272, 0.0074, 0.0124, 0.0065]","[0.0649, 0.0071, 0.0813, 0.0521, 0.0403, 0.0104, 0.0185, 0.0094]"
office,8.0,logn30,balk,"[2, 4, 2, 2, 2, 3, 3, 3]",21,no-abandonment SGS-UCB@-; SGS-UCB (fail)@balk,0.0738,0,0.0909,0,0.0393,0.0095,0.028,0.84,0.0,1.987,"[0.0536, 0.0063, 0.0738, 0.0522, 0.0389, 0.0111, 0.0191, 0.0089]","[0.08, 0.0068, 0.0909, 0.0675, 0.0505, 0.0125, 0.0224, 0.0116]"
office,8.0,logn30,renege,"[3, 3, 3, 2, 2, 3, 3, 3]",22,SIPP (Erlang-C)@-; SIPP-A (fail)@renege; SIPP-A (fail)@balk,0.0264,0,0.0393,0,0.0213,0.0068,0.0132,0.6,14.99,1.499,"[0.0059, 0.0257, 0.0114, 0.0237, 0.0264, 0.0074, 0.0124, 0.0065]","[0.0093, 0.0367, 0.0157, 0.0345, 0.0393, 0.0104, 0.0185, 0.0094]"
office,8.0,logn30,balk,"[3, 3, 3, 2, 2, 3, 3, 3]",22,SIPP (Erlang-C)@-; SIPP-A (fail)@renege; SIPP-A (fail)@balk,0.0381,0,0.0493,0,0.0249,0.0047,0.0117,0.42,0.0,1.615,"[0.0077, 0.0342, 0.0159, 0.0309, 0.0381, 0.0111, 0.0191, 0.0089]","[0.0095, 0.042, 0.0187, 0.0384, 0.0493, 0.0125, 0.0224, 0.0116]"
R8_S16_A0.6,16.0,exp30,renege,"[6, 10, 8, 5, 4, 7, 10, 7]",57,SGS-UCB (late)@renege; SGS-UCB (late)@balk,0.069,0,0.244,8,0.1968,0.152,0.188,36.51,5.37,4.365,"[0.0571, 0.069, 0.0416, 0.036, 0.0569, 0.0488, 0.0461, 0.0538]","[0.2037, 0.244, 0.1632, 0.1338, 0.1873, 0.1918, 0.1896, 0.1933]"
R8_S16_A0.6,16.0,exp30,balk,"[6, 10, 8, 5, 4, 7, 10, 7]",57,SGS-UCB (late)@renege; SGS-UCB (late)@balk,0.0825,0,0.2409,8,0.2148,0.1576,0.1843,37.84,0.0,4.408,"[0.0672, 0.0825, 0.0658, 0.0509, 0.0725, 0.0564, 0.0613, 0.0785]","[0.2391, 0.2409, 0.1928, 0.1531, 0.2248, 0.2119, 0.1943, 0.2241]"
R8_S16_A0.6,16.0,exp30,renege,"[8, 13, 9, 6, 5, 9, 12, 9]",71,SGS-UCB (fail)@renege,0.0157,0,0.0838,0,0.0688,0.0618,0.0699,14.83,3.85,1.69,"[0.0091, 0.0062, 0.0076, 0.01, 0.0157, 0.0048, 0.0058, 0.0073]","[0.0783, 0.0687, 0.0608, 0.0613, 0.0838, 0.066, 0.0719, 0.057]"
R8_S16_A0.6,16.0,exp30,balk,"[8, 13, 9, 6, 5, 9, 12, 9]",71,SGS-UCB (fail)@renege,0.0217,0,0.1008,0,0.0768,0.0656,0.0839,15.74,0.0,1.743,"[0.0142, 0.009, 0.0134, 0.0167, 0.0217, 0.0079, 0.011, 0.0124]","[0.0969, 0.0687, 0.0706, 0.0678, 0.1008, 0.0751, 0.0748, 0.0674]"
R8_S16_A0.6,16.0,exp30,renege,"[8, 15, 9, 7, 6, 9, 14, 9]",77,no-abandonment SGS-UCB@-,0.009,0,0.0775,0,0.0436,0.0402,0.0691,9.65,3.51,1.095,"[0.009, 0.001, 0.0032, 0.0034, 0.0041, 0.0048, 0.0011, 0.0043]","[0.0775, 0.0272, 0.0426, 0.0304, 0.037, 0.0635, 0.0276, 0.0431]"
R8_S16_A0.6,16.0,exp30,balk,"[8, 15, 9, 7, 6, 9, 14, 9]",77,no-abandonment SGS-UCB@-,0.014,0,0.0968,0,0.0498,0.0439,0.0839,10.54,0.0,1.123,"[0.014, 0.0022, 0.0079, 0.0053, 0.0066, 0.0075, 0.0022, 0.0079]","[0.0968, 0.0266, 0.0502, 0.0329, 0.0454, 0.0742, 0.0276, 0.0485]"
R8_S16_A0.6,16.0,exp30,renege,"[9, 13, 9, 6, 6, 9, 12, 9]",73,SGS-UCB (fail)@balk,0.0095,0,0.0721,0,0.0612,0.0555,0.0666,13.34,3.74,1.515,"[0.0033, 0.0057, 0.008, 0.0095, 0.0059, 0.0051, 0.0059, 0.0071]","[0.0478, 0.0661, 0.0616, 0.0606, 0.0419, 0.0653, 0.0721, 0.0569]"
R8_S16_A0.6,16.0,exp30,balk,"[9, 13, 9, 6, 6, 9, 12, 9]",73,SGS-UCB (fail)@balk,0.0159,0,0.0746,0,0.0676,0.0583,0.0673,14.0,0.0,1.574,"[0.0053, 0.0092, 0.0132, 0.0159, 0.0088, 0.0077, 0.0109, 0.012]","[0.0568, 0.0685, 0.0702, 0.0665, 0.0519, 0.0745, 0.0746, 0.0667]"
R8_S16_A0.6,16.0,exp30,renege,"[10, 13, 8, 6, 6, 10, 12, 8]",73,SIPP-A (fail)@renege,0.0166,0,0.0941,0,0.0621,0.055,0.0788,13.22,3.84,1.503,"[0.0013, 0.0061, 0.0166, 0.0131, 0.006, 0.002, 0.0068, 0.0161]","[0.028, 0.0659, 0.0941, 0.0703, 0.0429, 0.0384, 0.0718, 0.0923]"
R8_S16_A0.6,16.0,exp30,balk,"[10, 13, 8, 6, 6, 10, 12, 8]",73,SIPP-A (fail)@renege,0.0276,0,0.1093,0,0.0692,0.0575,0.0845,13.8,0.0,1.588,"[0.0021, 0.0104, 0.0276, 0.0199, 0.0095, 0.0035, 0.0129, 0.026]","[0.033, 0.0689, 0.1093, 0.0785, 0.0532, 0.0435, 0.0759, 0.1083]"
R8_S16_A0.6,16.0,exp30,renege,"[10, 14, 8, 6, 6, 10, 12, 8]",74,SIPP-A (fail)@balk,0.016,0,0.0921,0,0.0558,0.0499,0.0774,11.97,3.78,1.353,"[0.0012, 0.0026, 0.0125, 0.0134, 0.0058, 0.002, 0.0068, 0.016]","[0.0277, 0.0422, 0.0808, 0.0706, 0.0423, 0.0384, 0.0718, 0.0921]"
R8_S16_A0.6,16.0,exp30,balk,"[10, 14, 8, 6, 6, 10, 12, 8]",74,SIPP-A (fail)@balk,0.026,0,0.1084,0,0.0622,0.0523,0.0845,12.55,0.0,1.427,"[0.0019, 0.0042, 0.0211, 0.0196, 0.0093, 0.0035, 0.0129, 0.026]","[0.0329, 0.0425, 0.0931, 0.0787, 0.0527, 0.0435, 0.0759, 0.1084]"
R8_S16_A0.6,16.0,exp30,renege,"[11, 15, 9, 6, 6, 11, 14, 9]",81,SIPP (Erlang-C)@-,0.0094,0,0.0585,0,0.0302,0.028,0.0496,6.71,3.27,0.757,"[0.0004, 0.001, 0.0043, 0.0094, 0.0058, 0.0003, 0.0009, 0.0041]","[0.0159, 0.0253, 0.0438, 0.0585, 0.0416, 0.0205, 0.0256, 0.0426]"
R8_S16_A0.6,16.0,exp30,balk,"[11, 15, 9, 6, 6, 11, 14, 9]",81,SIPP (Erlang-C)@-,0.0142,0,0.0634,0,0.0333,0.0295,0.0499,7.08,0.0,0.798,"[0.0004, 0.0017, 0.0071, 0.0142, 0.0088, 0.001, 0.0026, 0.008]","[0.0186, 0.0256, 0.0487, 0.0634, 0.0517, 0.0231, 0.027, 0.0488]"
R8_S16_A0.6,16.0,exp60,renege,"[7, 12, 9, 5, 5, 8, 11, 8]",65,SGS-UCB (late)@renege,0.0794,0,0.1516,5,0.1228,0.0694,0.0784,16.67,5.9,3.967,"[0.0516, 0.0543, 0.0505, 0.0638, 0.0489, 0.0448, 0.0681, 0.0794]","[0.114, 0.1241, 0.1052, 0.1233, 0.1038, 0.1079, 0.1406, 0.1516]"
R8_S16_A0.6,16.0,exp60,balk,"[7, 12, 9, 5, 5, 8, 11, 8]",65,SGS-UCB (late)@renege,0.0917,0,0.1675,8,0.1321,0.0726,0.0835,17.43,0.0,3.997,"[0.0538, 0.056, 0.0619, 0.0821, 0.0558, 0.0486, 0.0758, 0.0917]","[0.1322, 0.1206, 0.116, 0.1454, 0.1199, 0.1191, 0.1436, 0.1675]"
R8_S16_A0.6,16.0,exp60,renege,"[7, 12, 9, 6, 5, 8, 12, 8]",67,SGS-UCB (late)@balk,0.0547,0,0.1241,3,0.1016,0.0605,0.0739,14.53,5.54,3.43,"[0.0516, 0.0543, 0.049, 0.0254, 0.0338, 0.04, 0.0304, 0.0547]","[0.114, 0.1241, 0.1035, 0.0617, 0.0788, 0.1012, 0.0818, 0.1135]"
R8_S16_A0.6,16.0,exp60,balk,"[7, 12, 9, 6, 5, 8, 12, 8]",67,SGS-UCB (late)@balk,0.0658,0,0.1322,5,0.1094,0.0635,0.0828,15.24,0.0,3.442,"[0.0538, 0.056, 0.0599, 0.0374, 0.0378, 0.0417, 0.036, 0.0658]","[0.1322, 0.1206, 0.1141, 0.0741, 0.0911, 0.1121, 0.0828, 0.1277]"
R8_S16_A0.6,16.0,exp60,renege,"[8, 13, 9, 6, 5, 9, 12, 9]",71,SGS-UCB (fail)@renege,0.033,0,0.0771,0,0.0664,0.0434,0.0477,10.41,4.93,2.453,"[0.0219, 0.0225, 0.0297, 0.0257, 0.033, 0.0144, 0.0255, 0.0291]","[0.0637, 0.0676, 0.0712, 0.0602, 0.0771, 0.0533, 0.072, 0.0684]"
R8_S16_A0.6,16.0,exp60,balk,"[8, 13, 9, 6, 5, 9, 12, 9]",71,SGS-UCB (fail)@renege,0.0392,0,0.0905,0,0.0732,0.0456,0.0552,10.94,0.0,2.506,"[0.0248, 0.0262, 0.0392, 0.0369, 0.0374, 0.0173, 0.0298, 0.0344]","[0.0758, 0.0683, 0.0817, 0.0721, 0.0905, 0.061, 0.0739, 0.0764]"
R8_S16_A0.6,16.0,exp60,renege,"[8, 13, 9, 7, 5, 9, 12, 9]",72,SGS-UCB (fail)@balk,0.0288,0,0.0717,0,0.0634,0.042,0.0475,10.09,4.85,2.375,"[0.0219, 0.0225, 0.0284, 0.0094, 0.026, 0.0136, 0.0254, 0.0288]","[0.0637, 0.0676, 0.0696, 0.0294, 0.0665, 0.0524, 0.0717, 0.0682]"
R8_S16_A0.6,16.0,exp60,balk,"[8, 13, 9, 7, 5, 9, 12, 9]",72,SGS-UCB (fail)@balk,0.038,0,0.0804,0,0.0698,0.044,0.0522,10.57,0.0,2.421,"[0.0248, 0.0262, 0.038, 0.0155, 0.0307, 0.017, 0.0296, 0.0342]","[0.0758, 0.0683, 0.0804, 0.0346, 0.0784, 0.0605, 0.0736, 0.0762]"
R8_S16_A0.6,16.0,exp60,renege,"[8, 15, 9, 7, 6, 9, 14, 9]",77,no-abandonment SGS-UCB@-,0.0209,0,0.0618,0,0.0361,0.0265,0.0417,6.36,4.22,1.494,"[0.0209, 0.0041, 0.013, 0.0092, 0.0098, 0.0112, 0.004, 0.0119]","[0.0618, 0.0233, 0.0407, 0.0274, 0.0305, 0.0478, 0.0224, 0.0378]"
R8_S16_A0.6,16.0,exp60,balk,"[8, 15, 9, 7, 6, 9, 14, 9]",77,no-abandonment SGS-UCB@-,0.024,0,0.075,0,0.0411,0.0289,0.0522,6.93,0.0,1.504,"[0.024, 0.0053, 0.0164, 0.0126, 0.0112, 0.0144, 0.0066, 0.0168]","[0.075, 0.0229, 0.0451, 0.03, 0.0359, 0.0567, 0.0242, 0.0439]"
R8_S16_A0.6,16.0,exp60,renege,"[10, 14, 8, 6, 6, 10, 13, 8]",75,SIPP-A (fail)@renege; SIPP-A (fail)@balk,0.0388,0,0.0871,0,0.0449,0.0302,0.0503,7.25,4.69,1.703,"[0.0027, 0.0084, 0.0388, 0.034, 0.0161, 0.0046, 0.01, 0.0356]","[0.0189, 0.0344, 0.0871, 0.0746, 0.0407, 0.0259, 0.0379, 0.0827]"
R8_S16_A0.6,16.0,exp60,balk,"[10, 14, 8, 6, 6, 10, 13, 8]",75,SIPP-A (fail)@renege; SIPP-A (fail)@balk,0.0463,0,0.0966,0,0.0502,0.0316,0.0527,7.6,0.0,1.768,"[0.0037, 0.0114, 0.0463, 0.0441, 0.0186, 0.0061, 0.0143, 0.0423]","[0.0226, 0.0363, 0.0966, 0.0869, 0.0481, 0.0302, 0.0416, 0.091]"
R8_S16_A0.6,16.0,exp60,renege,"[11, 15, 9, 6, 6, 11, 14, 9]",81,SIPP (Erlang-C)@-,0.0219,0,0.0543,0,0.0242,0.018,0.0331,4.33,3.93,1.015,"[0.0006, 0.0027, 0.0131, 0.0219, 0.0141, 0.0016, 0.0031, 0.0122]","[0.01, 0.018, 0.0408, 0.0543, 0.0372, 0.0134, 0.0187, 0.0372]"
R8_S16_A0.6,16.0,exp60,balk,"[11, 15, 9, 6, 6, 11, 14, 9]",81,SIPP (Erlang-C)@-,0.0294,0,0.0621,0,0.0271,0.0189,0.0336,4.54,0.0,1.052,"[0.0009, 0.004, 0.0169, 0.0294, 0.0161, 0.002, 0.0047, 0.0161]","[0.0114, 0.0192, 0.0449, 0.0621, 0.0443, 0.0147, 0.0204, 0.0428]"
R8_S16_A0.6,16.0,logn30,renege,"[7, 13, 9, 6, 5, 8, 12, 9]",69,SGS-UCB (late)@renege,0.0708,0,0.0968,0,0.0878,0.0262,0.028,6.29,14.59,4.1,"[0.0657, 0.0621, 0.0658, 0.0431, 0.048, 0.0655, 0.0708, 0.0659]","[0.0916, 0.0863, 0.0919, 0.0624, 0.0691, 0.0912, 0.0968, 0.0886]"
R8_S16_A0.6,16.0,logn30,balk,"[7, 13, 9, 6, 5, 8, 12, 9]",69,SGS-UCB (late)@renege,0.0834,0,0.1196,1,0.0955,0.0288,0.0556,6.9,0.0,4.071,"[0.0678, 0.0581, 0.0834, 0.0615, 0.0612, 0.0697, 0.0744, 0.0742]","[0.1196, 0.0715, 0.109, 0.0799, 0.09, 0.1068, 0.0913, 0.1007]"
R8_S16_A0.6,16.0,logn30,renege,"[7, 14, 9, 6, 5, 8, 13, 9]",71,SGS-UCB (late)@balk,0.0638,0,0.0892,0,0.0622,0.019,0.0271,4.57,14.33,3.329,"[0.0638, 0.0298, 0.0448, 0.0403, 0.0466, 0.0623, 0.0331, 0.0392]","[0.0892, 0.0424, 0.0637, 0.0589, 0.0671, 0.0866, 0.047, 0.0543]"
R8_S16_A0.6,16.0,logn30,balk,"[7, 14, 9, 6, 5, 8, 13, 9]",71,SGS-UCB (late)@balk,0.0667,0,0.1186,1,0.0716,0.0227,0.0556,5.46,0.0,3.267,"[0.0667, 0.0297, 0.0581, 0.0557, 0.0584, 0.066, 0.0378, 0.0508]","[0.1186, 0.0355, 0.0742, 0.0712, 0.0864, 0.103, 0.0452, 0.0681]"
R8_S16_A0.6,16.0,logn30,renege,"[7, 14, 9, 6, 5, 9, 13, 9]",72,SGS-UCB (fail)@renege,0.0638,0,0.0892,0,0.0535,0.0164,0.0271,3.94,14.24,3.011,"[0.0638, 0.0298, 0.0448, 0.0403, 0.045, 0.0249, 0.0282, 0.0383]","[0.0892, 0.0424, 0.0637, 0.0589, 0.0652, 0.0364, 0.0395, 0.0528]"
R8_S16_A0.6,16.0,logn30,balk,"[7, 14, 9, 6, 5, 9, 13, 9]",72,SGS-UCB (fail)@renege,0.0667,0,0.1186,1,0.0612,0.0189,0.0556,4.54,0.0,2.989,"[0.0667, 0.0297, 0.0581, 0.0557, 0.0569, 0.0276, 0.0336, 0.0458]","[0.1186, 0.0355, 0.0742, 0.0712, 0.0849, 0.042, 0.0401, 0.0619]"
R8_S16_A0.6,16.0,logn30,renege,"[8, 14, 9, 6, 6, 9, 13, 9]",74,SGS-UCB (fail)@balk,0.0416,0,0.0581,0,0.042,0.0128,0.0186,3.07,14.14,2.608,"[0.0307, 0.0238, 0.0416, 0.0393, 0.0198, 0.0226, 0.0287, 0.039]","[0.0436, 0.0347, 0.0581, 0.0572, 0.0287, 0.0329, 0.0398, 0.0535]"
R8_S16_A0.6,16.0,logn30,balk,"[8, 14, 9, 6, 6, 9, 13, 9]",74,SGS-UCB (fail)@balk,0.0571,0,0.0728,0,0.0482,0.0131,0.0248,3.15,0.0,2.671,"[0.033, 0.028, 0.0544, 0.0571, 0.0271, 0.0249, 0.0334, 0.0461]","[0.057, 0.0337, 0.0699, 0.0728, 0.0382, 0.0388, 0.0397, 0.0618]"
R8_S16_A0.6,16.0,logn30,renege,"[8, 15, 9, 7, 6, 9, 14, 9]",77,no-abandonment SGS-UCB@-,0.0298,0,0.0425,0,0.0275,0.0084,0.0131,2.02,13.68,2.029,"[0.0298, 0.0104, 0.0276, 0.0179, 0.0128, 0.0212, 0.0132, 0.0264]","[0.0425, 0.0156, 0.0388, 0.0254, 0.0189, 0.0309, 0.0181, 0.037]"
R8_S16_A0.6,16.0,logn30,balk,"[8, 15, 9, 7, 6, 9, 14, 9]",77,no-abandonment SGS-UCB@-,0.0368,0,0.0567,0,0.0325,0.0095,0.0248,2.29,0.0,2.051,"[0.0328, 0.0111, 0.0368, 0.0283, 0.019, 0.0244, 0.0149, 0.0328]","[0.0567, 0.0135, 0.0468, 0.035, 0.0261, 0.0379, 0.0175, 0.0433]"
R8_S16_A0.6,16.0,logn30,renege,"[10, 13, 8, 6, 6, 10, 12, 8]",73,SIPP-A (fail)@renege,0.0949,0,0.1313,2,0.0616,0.0192,0.0409,4.61,15.06,2.971,"[0.005, 0.04, 0.0943, 0.0602, 0.0213, 0.0084, 0.0505, 0.0949]","[0.0073, 0.0578, 0.1313, 0.0864, 0.0312, 0.0135, 0.0706, 0.1298]"
R8_S16_A0.6,16.0,logn30,balk,"[10, 13, 8, 6, 6, 10, 12, 8]",73,SIPP-A (fail)@renege,0.1171,1,0.1561,2,0.0717,0.018,0.0461,4.32,0.0,3.191,"[0.0058, 0.0514, 0.1171, 0.0844, 0.0309, 0.0114, 0.0634, 0.1129]","[0.0097, 0.0624, 0.1561, 0.111, 0.0426, 0.0163, 0.0765, 0.1539]"
R8_S16_A0.6,16.0,logn30,renege,"[11, 14, 8, 6, 6, 11, 13, 8]",77,SIPP-A (fail)@balk,0.0655,0,0.0919,0,0.0366,0.0113,0.0284,2.72,14.97,2.059,"[0.0014, 0.0154, 0.0653, 0.0536, 0.0208, 0.0031, 0.0214, 0.0655]","[0.0021, 0.0234, 0.0919, 0.0776, 0.0302, 0.0049, 0.0298, 0.0895]"
R8_S16_A0.6,16.0,logn30,balk,"[11, 14, 8, 6, 6, 11, 13, 8]",77,SIPP-A (fail)@balk,0.0826,0,0.109,0,0.0437,0.0104,0.0294,2.5,0.0,2.209,"[0.0018, 0.0216, 0.0826, 0.0783, 0.0297, 0.0043, 0.0276, 0.082]","[0.0027, 0.026, 0.1082, 0.1013, 0.042, 0.0061, 0.0321, 0.109]"
R8_S16_A0.6,16.0,logn30,renege,"[11, 15, 9, 6, 6, 11, 14, 9]",81,SIPP (Erlang-C)@-,0.038,0,0.0552,0,0.0175,0.0054,0.0178,1.31,14.27,1.363,"[0.0012, 0.0063, 0.0271, 0.038, 0.019, 0.0029, 0.0078, 0.0249]","[0.0019, 0.0095, 0.0376, 0.0552, 0.0276, 0.0045, 0.0113, 0.0343]"
R8_S16_A0.6,16.0,logn30,balk,"[11, 15, 9, 6, 6, 11, 14, 9]",81,SIPP (Erlang-C)@-,0.0519,0,0.0654,0,0.0208,0.0047,0.0142,1.12,0.0,1.44,"[0.0017, 0.0083, 0.0377, 0.0519, 0.026, 0.0039, 0.0106, 0.0291]","[0.0026, 0.0099, 0.0467, 0.0654, 0.0369, 0.0057, 0.0125, 0.0389]"
